-- phpMyAdmin SQL Dump
-- version 3.5.1
-- http://www.phpmyadmin.net
--
-- Host: localhost
-- Generation Time: Dec 20, 2012 at 05:56 PM
-- Server version: 5.5.24-log
-- PHP Version: 5.3.13

SET SQL_MODE="NO_AUTO_VALUE_ON_ZERO";
SET time_zone = "+00:00";


/*!40101 SET @OLD_CHARACTER_SET_CLIENT=@@CHARACTER_SET_CLIENT */;
/*!40101 SET @OLD_CHARACTER_SET_RESULTS=@@CHARACTER_SET_RESULTS */;
/*!40101 SET @OLD_COLLATION_CONNECTION=@@COLLATION_CONNECTION */;
/*!40101 SET NAMES utf8 */;

--
-- Database: `showdom`
--

-- --------------------------------------------------------

--
-- Table structure for table `tbl_events`
--

CREATE TABLE IF NOT EXISTS `tbl_events` (
  `event_id` int(10) unsigned NOT NULL AUTO_INCREMENT,
  `user_id` int(11) NOT NULL,
  `event_title` varchar(250) NOT NULL,
  `event_description` text NOT NULL,
  `event_website` varchar(250) NOT NULL,
  `event_tickets` varchar(250) NOT NULL,
  `event_creator_type` varchar(250) NOT NULL,
  `event_location` varchar(250) NOT NULL,
  `event_lat` varchar(250) NOT NULL,
  `event_lon` varchar(250) NOT NULL,
  `event_start_date` date NOT NULL,
  `event_end_date` date NOT NULL,
  `event_start_time` time NOT NULL,
  `event_end_time` time NOT NULL,
  `event_cat` int(11) NOT NULL,
  `event_sub_cat` int(11) NOT NULL,
  `event_image` varchar(250) NOT NULL,
  `event_min_age` int(11) NOT NULL,
  `event_type` int(11) NOT NULL,
  `event_claim` int(11) NOT NULL,
  PRIMARY KEY (`event_id`)
) ENGINE=InnoDB  DEFAULT CHARSET=latin1 AUTO_INCREMENT=2099 ;

--
-- Dumping data for table `tbl_events`
--

INSERT INTO `tbl_events` (`event_id`, `user_id`, `event_title`, `event_description`, `event_website`, `event_tickets`, `event_creator_type`, `event_location`, `event_lat`, `event_lon`, `event_start_date`, `event_end_date`, `event_start_time`, `event_end_time`, `event_cat`, `event_sub_cat`, `event_image`, `event_min_age`, `event_type`, `event_claim`) VALUES
(1035, 2, 'uhAjrjUi', 'test', '', '', 'Artist', 'Barrie ontario canada', '44.3780902', '-79.7016159', '2012-12-27', '2012-12-27', '03:00:00', '15:00:00', 4, 0, 'blades_8.gif', 0, 0, 0),
(1036, 2, 'UoCaqEeG', 'test', '', '', 'Artist', 'Barrie ontario canada', '43.40309002', '-80.14454318', '2012-12-28', '2012-12-28', '04:00:00', '16:00:00', 4, 1, 'blades_8.gif', 0, 0, 0),
(1037, 2, 'VPqfDIGk', 'test', '', '', 'Artist', 'Barrie ontario canada', '43.45549168', '-80.22578686', '2012-12-29', '2012-12-29', '05:00:00', '17:00:00', 2, 1, 'blades_8.gif', 0, 1, 0),
(1038, 2, 'eOPKiGLN', 'test', '', '', 'Artist', 'Barrie ontario canada', '44.81827199', '-79.72555007', '2012-12-30', '2012-12-30', '06:00:00', '18:00:00', 3, 1, 'blades_8.gif', 0, 0, 0),
(1039, 2, 'M  yhoWcqy', 'test', '', '', 'Artist', 'Barrie ontario canada', '43.96331408', '-79.54419944', '2012-12-31', '2012-12-31', '07:00:00', '19:00:00', 1, 1, 'blades_8.gif', 0, 0, 0),
(1040, 2, 'yaAGJDRB', 'test', '', '', 'Artist', 'Barrie ontario canada', '43.76764099', '-79.97238879', '2013-01-01', '2013-01-01', '08:00:00', '20:00:00', 2, 1, 'blades_8.gif', 0, 0, 0),
(1041, 2, 'ikzTgSdG', 'test', '', '', 'Artist', 'Barrie ontario canada', '45.27684343', '-78.54896228', '2013-01-02', '2013-01-02', '09:00:00', '21:00:00', 5, 1, 'blades_8.gif', 0, 0, 0),
(1042, 2, 'eym  JOaBK', 'test', '', '', 'Artist', 'Barrie ontario canada', '44.88399257', '-78.78457458', '2013-01-03', '2013-01-03', '10:00:00', '22:00:00', 2, 1, 'blades_8.gif', 0, 0, 0),
(1043, 2, 'elQHKInn', 'test', '', '', 'Artist', 'Barrie ontario canada', '43.6003983', '-81.0847231', '2013-01-04', '2013-01-04', '11:00:00', '23:00:00', 4, 1, 'blades_8.gif', 0, 0, 0),
(1044, 2, 'APECdBEs', 'test', '', '', 'Artist', 'Barrie ontario canada', '44.47095853', '-79.42131148', '2013-01-05', '2013-01-05', '12:00:00', '00:00:00', 3, 1, 'blades_8.gif', 0, 0, 0),
(1045, 2, 'enhRatUz', 'test', '', '', 'Artist', 'Barrie ontario canada', '45.21274084', '-80.83662288', '2013-01-06', '2013-01-06', '13:00:00', '01:00:00', 1, 1, 'blades_8.gif', 0, 0, 0),
(1046, 2, 'M  tESHGm  n', 'test', '', '', 'Artist', 'Barrie ontario canada', '44.930005', '-81.05875282', '2013-01-07', '2013-01-07', '14:00:00', '02:00:00', 2, 1, 'blades_8.gif', 0, 0, 0),
(1047, 2, 'GyxQUfIj', 'test', '', '', 'Artist', 'Barrie ontario canada', '44.22564753', '-78.67563807', '2013-01-08', '2013-01-08', '15:00:00', '03:00:00', 2, 1, 'blades_8.gif', 0, 0, 0),
(1048, 2, 'RNuFUPsq', 'test', '', '', 'Artist', 'Barrie ontario canada', '44.26993802', '-80.53546338', '2013-01-09', '2013-01-09', '16:00:00', '04:00:00', 4, 1, 'blades_8.gif', 0, 0, 0),
(1049, 2, 'BKfofHfz', 'test', '', '', 'Artist', 'Barrie ontario canada', '44.3780902', '-79.7016159', '2013-01-10', '2013-01-10', '17:00:00', '05:00:00', 2, 0, 'blades_8.gif', 0, 0, 0),
(1050, 2, 'kySczwKq', 'test', '', '', 'Artist', 'Barrie ontario canada', '43.55819953', '-79.28346069', '2013-01-11', '2013-01-11', '18:00:00', '06:00:00', 4, 1, 'blades_8.gif', 0, 0, 0),
(1051, 2, 'vkJWKJwg', 'test', '', '', 'Artist', 'Barrie ontario canada', '44.37241243', '-79.53586248', '2013-01-12', '2013-01-12', '19:00:00', '07:00:00', 3, 1, 'blades_8.gif', 0, 0, 0),
(1052, 2, 'lLiBlAUg', 'test', '', '', 'Artist', 'Barrie ontario canada', '43.52210661', '-79.46266619', '2013-01-13', '2013-01-13', '20:00:00', '08:00:00', 3, 1, 'blades_8.gif', 0, 0, 0),
(1053, 2, 'PM  uLBAVm  ', 'test', '', '', 'Artist', 'Barrie ontario canada', '45.29584974', '-78.76353283', '2013-01-14', '2013-01-14', '21:00:00', '09:00:00', 4, 1, 'blades_8.gif', 0, 0, 0),
(1054, 2, 'rchFM  ToI', 'test', '', '', 'Artist', 'Barrie ontario canada', '43.64080513', '-80.75932856', '2013-01-15', '2013-01-15', '22:00:00', '10:00:00', 3, 1, 'blades_8.gif', 0, 0, 0),
(1055, 2, 'GjWpEkgc', 'test', '', '', 'Artist', 'Barrie ontario canada', '44.16716361', '-81.20094802', '2013-01-16', '2013-01-16', '23:00:00', '11:00:00', 4, 1, 'blades_8.gif', 0, 0, 0),
(1056, 2, 'Rm  ChaDbo', 'test', '', '', 'Artist', 'Barrie ontario canada', '45.04291454', '-78.32732857', '2013-01-17', '2013-01-17', '00:00:00', '12:00:00', 3, 1, 'blades_8.gif', 0, 0, 0),
(1057, 2, 'sWOjyThW', 'test', '', '', 'Artist', 'Barrie ontario canada', '44.05028', '-79.36375167', '2013-01-18', '2013-01-18', '01:00:00', '13:00:00', 1, 1, 'blades_8.gif', 0, 0, 0),
(1058, 2, 'wogNDFrP', 'test', '', '', 'Artist', 'Barrie ontario canada', '45.62699224', '-80.02834896', '2013-01-19', '2013-01-19', '02:00:00', '14:00:00', 5, 1, 'blades_8.gif', 0, 0, 0),
(1059, 2, 'irlhaCSM  ', 'test', '', '', 'Artist', 'Barrie ontario canada', '44.87390274', '-78.81231461', '2013-01-20', '2013-01-20', '03:00:00', '15:00:00', 3, 1, 'blades_8.gif', 0, 0, 0),
(1060, 2, 'jDuqrOcM  ', 'test', '', '', 'Artist', 'Barrie ontario canada', '44.85405594', '-79.64222085', '2013-01-21', '2013-01-21', '04:00:00', '16:00:00', 3, 1, 'blades_8.gif', 0, 0, 0),
(1061, 2, 'LvUvrxod', 'test', '', '', 'Artist', 'Barrie ontario canada', '45.17203931', '-80.19802399', '2013-01-22', '2013-01-22', '05:00:00', '17:00:00', 5, 1, 'blades_8.gif', 0, 0, 0),
(1062, 2, 'uTtgAm  HF', 'test', '', '', 'Artist', 'Barrie ontario canada', '43.1969632', '-79.90704819', '2013-01-23', '2013-01-23', '06:00:00', '18:00:00', 5, 1, 'blades_8.gif', 0, 0, 0),
(1063, 2, 'iTgPODAR', 'test', '', '', 'Artist', 'Barrie ontario canada', '44.13791241', '-79.61210262', '2013-01-24', '2013-01-24', '07:00:00', '19:00:00', 4, 1, 'blades_8.gif', 0, 1, 0),
(1064, 2, 'PAilEukQ', 'test', '', '', 'Artist', 'Barrie ontario canada', '43.77398029', '-80.18950043', '2013-01-25', '2013-01-25', '08:00:00', '20:00:00', 5, 1, 'blades_8.gif', 0, 0, 0),
(1065, 2, 'GIywJprO', 'test', '', '', 'Artist', 'Barrie ontario canada', '43.80832705', '-78.08586723', '2013-01-26', '2013-01-26', '09:00:00', '21:00:00', 4, 1, 'blades_8.gif', 0, 0, 0),
(1066, 2, 'dQeTpOgl', 'test', '', '', 'Artist', 'Barrie ontario canada', '43.95380851', '-80.34867229', '2013-01-27', '2013-01-27', '10:00:00', '22:00:00', 1, 1, 'blades_8.gif', 0, 0, 0),
(1067, 2, 'KcWNcNTl', 'test', '', '', 'Artist', 'Barrie ontario canada', '43.91646837', '-79.94537164', '2013-01-28', '2013-01-28', '11:00:00', '23:00:00', 4, 1, 'blades_8.gif', 0, 0, 0),
(1068, 2, 'sjM  sCILJ', 'test', '', '', 'Artist', 'Barrie ontario canada', '44.02735362', '-78.4399529', '2013-01-29', '2013-01-29', '12:00:00', '00:00:00', 5, 1, 'blades_8.gif', 0, 0, 0),
(1069, 2, 'rFeynPvG', 'test', '', '', 'Artist', 'Barrie ontario canada', '43.69000381', '-78.47275071', '2013-01-30', '2013-01-30', '13:00:00', '01:00:00', 4, 1, 'blades_8.gif', 0, 0, 0),
(1070, 2, 'bfwWDVdv', 'test', '', '', 'Artist', 'Barrie ontario canada', '45.24666765', '-80.81656101', '2013-01-31', '2013-01-31', '14:00:00', '02:00:00', 2, 1, 'blades_8.gif', 0, 0, 0),
(1071, 2, 'WFkfVyDA', 'test', '', '', 'Artist', 'Barrie ontario canada', '43.6148622', '-79.53932973', '2013-02-01', '2013-02-01', '15:00:00', '03:00:00', 5, 1, 'blades_8.gif', 0, 0, 0),
(1072, 2, 'RM  nbrFiS', 'test', '', '', 'Artist', 'Barrie ontario canada', '44.05539507', '-78.01625421', '2013-02-02', '2013-02-02', '16:00:00', '04:00:00', 4, 1, 'blades_8.gif', 0, 0, 0),
(1073, 2, 'btSqaWRz', 'test', '', '', 'Artist', 'Barrie ontario canada', '44.29736244', '-79.32919916', '2013-02-03', '2013-02-03', '17:00:00', '05:00:00', 1, 1, 'blades_8.gif', 0, 0, 0),
(1074, 2, 'TeHiM  sAA', 'test', '', '', 'Artist', 'Barrie ontario canada', '44.56880991', '-79.4414444', '2013-02-04', '2013-02-04', '18:00:00', '06:00:00', 1, 1, 'blades_8.gif', 0, 0, 0),
(1075, 2, 'gcNShbHp', 'test', '', '', 'Artist', 'Barrie ontario canada', '44.21796903', '-80.32899589', '2013-02-05', '2013-02-05', '19:00:00', '07:00:00', 4, 1, 'blades_8.gif', 0, 0, 0),
(1076, 2, 'AM  pkfUun', 'test', '', '', 'Artist', 'Barrie ontario canada', '45.36401157', '-80.27549309', '2013-02-06', '2013-02-06', '20:00:00', '08:00:00', 3, 1, 'blades_8.gif', 0, 0, 0),
(1077, 2, 'cvefnans', 'test', '', '', 'Artist', 'Barrie ontario canada', '44.4214668', '-79.57967423', '2013-02-07', '2013-02-07', '21:00:00', '09:00:00', 5, 1, 'blades_8.gif', 0, 0, 0),
(1078, 2, 'WQsorRrh', 'test', '', '', 'Artist', 'Barrie ontario canada', '45.04074912', '-80.20329898', '2013-02-08', '2013-02-08', '22:00:00', '10:00:00', 4, 1, 'blades_8.gif', 0, 0, 0),
(1079, 2, 'HVM  bLKtN', 'test', '', '', 'Artist', 'Barrie ontario canada', '45.05999023', '-80.26282319', '2013-02-09', '2013-02-09', '23:00:00', '11:00:00', 3, 1, 'blades_8.gif', 0, 0, 0),
(1080, 2, 'NDFqNWzH', 'test', '', '', 'Artist', 'Barrie ontario canada', '44.0434418', '-78.60648994', '2013-02-10', '2013-02-10', '00:00:00', '12:00:00', 5, 1, 'blades_8.gif', 0, 0, 0),
(1081, 2, 'OdRm  EpJH', 'test', '', '', 'Artist', 'Barrie ontario canada', '45.35885628', '-78.54196943', '2013-02-11', '2013-02-11', '01:00:00', '13:00:00', 4, 1, 'blades_8.gif', 0, 0, 0),
(1082, 2, 'jVnwxaEc', 'test', '', '', 'Artist', 'Barrie ontario canada', '45.3013819', '-80.96776414', '2013-02-12', '2013-02-12', '02:00:00', '14:00:00', 2, 1, 'blades_8.gif', 0, 0, 0),
(1083, 2, 'uUwvOPIW', 'test', '', '', 'Artist', 'Barrie ontario canada', '43.8640971', '-77.9768915', '2013-02-13', '2013-02-13', '03:00:00', '15:00:00', 5, 1, 'blades_8.gif', 0, 0, 0),
(1084, 2, 'NgjCoKRg', 'test', '', '', 'Artist', 'Barrie ontario canada', '43.36009198', '-78.87988551', '2013-02-14', '2013-02-14', '04:00:00', '16:00:00', 1, 1, 'blades_8.gif', 0, 0, 0),
(1085, 2, 'dSreqvhw', 'test', '', '', 'Artist', 'Barrie ontario canada', '45.02960492', '-78.03360339', '2013-02-15', '2013-02-15', '05:00:00', '17:00:00', 4, 1, 'blades_8.gif', 0, 0, 0),
(1086, 2, 'RasQkvCA', 'test', '', '', 'Artist', 'Barrie ontario canada', '43.75213067', '-80.98493648', '2013-02-16', '2013-02-16', '06:00:00', '18:00:00', 3, 1, 'blades_8.gif', 0, 0, 0),
(1087, 2, 'asSshDEn', 'test', '', '', 'Artist', 'Barrie ontario canada', '44.25779273', '-78.40376777', '2013-02-17', '2013-02-17', '07:00:00', '19:00:00', 2, 1, 'blades_8.gif', 0, 0, 0),
(1088, 2, 'yGNeWGsR', 'test', '', '', 'Artist', 'Barrie ontario canada', '43.9059872', '-80.84576365', '2013-02-18', '2013-02-18', '08:00:00', '20:00:00', 3, 1, 'blades_8.gif', 0, 0, 0),
(1089, 2, 'pSDm  xGRu', 'test', '', '', 'Artist', 'Barrie ontario canada', '44.16988825', '-79.90284793', '2013-02-19', '2013-02-19', '09:00:00', '21:00:00', 1, 1, 'blades_8.gif', 0, 0, 0),
(1090, 2, 'xdUzLkPB', 'test', '', '', 'Artist', 'Barrie ontario canada', '43.86298603', '-81.04862555', '2013-02-20', '2013-02-20', '10:00:00', '22:00:00', 1, 1, 'blades_8.gif', 0, 0, 0),
(1091, 2, 'nJLFRzWs', 'test', '', '', 'Artist', 'Barrie ontario canada', '44.84702974', '-79.95905021', '2013-02-21', '2013-02-21', '11:00:00', '23:00:00', 1, 1, 'blades_8.gif', 0, 0, 0),
(1092, 2, 'SskROwOJ', 'test', '', '', 'Artist', 'Barrie ontario canada', '44.27116914', '-79.53017393', '2013-02-22', '2013-02-22', '12:00:00', '00:00:00', 1, 1, 'blades_8.gif', 0, 0, 0),
(1093, 2, 'jNvJrCRG', 'test', '', '', 'Artist', 'Barrie ontario canada', '45.16710812', '-78.31158631', '2013-02-23', '2013-02-23', '13:00:00', '01:00:00', 2, 1, 'blades_8.gif', 0, 0, 0),
(1094, 2, 'HvehwPQL', 'test', '', '', 'Artist', 'Barrie ontario canada', '44.44854184', '-80.67204908', '2013-02-24', '2013-02-24', '14:00:00', '02:00:00', 2, 1, 'blades_8.gif', 0, 0, 0),
(1095, 2, 'm  anpLSlx', 'test', '', '', 'Artist', 'Barrie ontario canada', '44.61343456', '-78.70132802', '2013-02-25', '2013-02-25', '15:00:00', '03:00:00', 1, 1, 'blades_8.gif', 0, 0, 0),
(1096, 2, 'FKQeQdLD', 'test', '', '', 'Artist', 'Barrie ontario canada', '44.88479473', '-79.61068769', '2013-02-26', '2013-02-26', '16:00:00', '04:00:00', 4, 1, 'blades_8.gif', 0, 0, 0),
(1097, 2, 'HCTPvGWT', 'test', '', '', 'Artist', 'Barrie ontario canada', '44.7793433', '-80.48272525', '2013-02-27', '2013-02-27', '17:00:00', '05:00:00', 4, 1, 'blades_8.gif', 0, 0, 0),
(1098, 2, 'JPcJxixO', 'test', '', '', 'Artist', 'Barrie ontario canada', '44.20769108', '-79.27035047', '2013-02-28', '2013-02-28', '18:00:00', '06:00:00', 1, 1, 'blades_8.gif', 0, 0, 0),
(1099, 2, 'JfvQbzxQ', 'test', '', '', 'Artist', 'Barrie ontario canada', '45.29388588', '-80.38004249', '2013-03-01', '2013-03-01', '19:00:00', '07:00:00', 1, 1, 'blades_8.gif', 0, 0, 0),
(1100, 2, 'QLlPyWwq', 'test', '', '', 'Artist', 'Barrie ontario canada', '43.35863666', '-78.90178767', '2013-03-02', '2013-03-02', '20:00:00', '08:00:00', 2, 1, 'blades_8.gif', 0, 0, 0),
(1101, 2, 'ovrvfoeD', 'test', '', '', 'Artist', 'Barrie ontario canada', '44.30555402', '-80.92112562', '2013-03-03', '2013-03-03', '21:00:00', '09:00:00', 1, 1, 'blades_8.gif', 0, 0, 0),
(1102, 2, 'JOVpIDPv', 'test', '', '', 'Artist', 'Barrie ontario canada', '44.49028016', '-81.44952479', '2013-03-04', '2013-03-04', '22:00:00', '10:00:00', 5, 1, 'blades_8.gif', 0, 0, 0),
(1103, 2, 'HclcxpgI', 'test', '', '', 'Artist', 'Barrie ontario canada', '43.87348308', '-79.58398991', '2013-03-05', '2013-03-05', '23:00:00', '11:00:00', 1, 1, 'blades_8.gif', 0, 0, 0),
(1104, 2, 'fuONEFqM  ', 'test', '', '', 'Artist', 'Barrie ontario canada', '43.5443918', '-78.57670287', '2013-03-06', '2013-03-06', '00:00:00', '12:00:00', 5, 1, 'blades_8.gif', 0, 0, 0),
(1105, 2, 'UsaVM  cSq', 'test', '', '', 'Artist', 'Barrie ontario canada', '44.73057468', '-79.46946017', '2013-03-07', '2013-03-07', '01:00:00', '13:00:00', 3, 1, 'blades_8.gif', 0, 0, 0),
(1106, 2, 'ackROuER', 'test', '', '', 'Artist', 'Barrie ontario canada', '45.28697096', '-79.1751158', '2013-03-08', '2013-03-08', '02:00:00', '14:00:00', 2, 1, 'blades_8.gif', 0, 0, 0),
(1107, 2, 'DoJGjauc', 'test', '', '', 'Artist', 'Barrie ontario canada', '45.68924318', '-80.04946987', '2013-03-09', '2013-03-09', '03:00:00', '15:00:00', 5, 1, 'blades_8.gif', 0, 0, 0),
(1108, 2, 'WPnNlLfl', 'test', '', '', 'Artist', 'Barrie ontario canada', '44.46228514', '-79.14272287', '2013-03-10', '2013-03-10', '04:00:00', '16:00:00', 1, 1, 'blades_8.gif', 0, 0, 0),
(1109, 2, 'RIRqVOnP', 'test', '', '', 'Artist', 'Barrie ontario canada', '44.6811206', '-79.21611631', '2013-03-11', '2013-03-11', '05:00:00', '17:00:00', 4, 1, 'blades_8.gif', 0, 0, 0),
(1110, 2, 'xM  AqesGj', 'test', '', '', 'Artist', 'Barrie ontario canada', '45.30929593', '-78.86813063', '2013-03-12', '2013-03-12', '06:00:00', '18:00:00', 5, 1, 'blades_8.gif', 0, 0, 0),
(1111, 2, 'UjfUtiFH', 'test', '', '', 'Artist', 'Barrie ontario canada', '43.99447099', '-80.72196152', '2013-03-13', '2013-03-13', '07:00:00', '19:00:00', 5, 1, 'blades_8.gif', 0, 0, 0),
(1112, 2, 'ADupm  rdk', 'test', '', '', 'Artist', 'Barrie ontario canada', '44.23678213', '-78.46328157', '2013-03-14', '2013-03-14', '08:00:00', '20:00:00', 2, 1, 'blades_8.gif', 0, 0, 0),
(1113, 2, 'PFHxrrGo', 'test', '', '', 'Artist', 'Barrie ontario canada', '44.92897177', '-81.17027923', '2013-03-15', '2013-03-15', '09:00:00', '21:00:00', 4, 1, 'blades_8.gif', 0, 0, 0),
(1114, 2, 'xzfbPhjx', 'test', '', '', 'Artist', 'Barrie ontario canada', '44.886643', '-80.89430137', '2013-03-16', '2013-03-16', '10:00:00', '22:00:00', 1, 1, 'blades_8.gif', 0, 0, 0),
(1115, 2, 'NFM  VANrt', 'test', '', '', 'Artist', 'Barrie ontario canada', '43.40389075', '-80.24122606', '2013-03-17', '2013-03-17', '11:00:00', '23:00:00', 3, 1, 'blades_8.gif', 0, 0, 0),
(1116, 2, 'QjsopHwl', 'test', '', '', 'Artist', 'Barrie ontario canada', '43.80350656', '-79.09229157', '2013-03-18', '2013-03-18', '12:00:00', '00:00:00', 4, 1, 'blades_8.gif', 0, 0, 0),
(1117, 2, 'OuEQwJkQ', 'test', '', '', 'Artist', 'Barrie ontario canada', '43.77823713', '-78.89561539', '2013-03-19', '2013-03-19', '13:00:00', '01:00:00', 2, 1, 'blades_8.gif', 0, 0, 0),
(1118, 2, 'JbaSBaue', 'test', '', '', 'Artist', 'Barrie ontario canada', '43.32099962', '-79.76053485', '2013-03-20', '2013-03-20', '14:00:00', '02:00:00', 2, 1, 'blades_8.gif', 0, 0, 0),
(1119, 2, 'iDwzjvFP', 'test', '', '', 'Artist', 'Barrie ontario canada', '45.61349267', '-79.87948915', '2013-03-21', '2013-03-21', '15:00:00', '03:00:00', 2, 1, 'blades_8.gif', 0, 0, 0),
(1120, 2, 'pcqzCpQt', 'test', '', '', 'Artist', 'Barrie ontario canada', '45.2018125', '-80.46550083', '2013-03-22', '2013-03-22', '16:00:00', '04:00:00', 4, 1, 'blades_8.gif', 0, 0, 0),
(1121, 2, 'qzCqVPqg', 'test', '', '', 'Artist', 'Barrie ontario canada', '44.76959756', '-79.45767351', '2013-03-23', '2013-03-23', '17:00:00', '05:00:00', 3, 1, 'blades_8.gif', 0, 0, 0),
(1122, 2, 'FOivGbhF', 'test', '', '', 'Artist', 'Barrie ontario canada', '43.77918995', '-79.6524621', '2013-03-24', '2013-03-24', '18:00:00', '06:00:00', 5, 1, 'blades_8.gif', 0, 0, 0),
(1123, 2, 'KM  IiJgvO', 'test', '', '', 'Artist', 'Barrie ontario canada', '44.44679771', '-79.8544213', '2013-03-25', '2013-03-25', '19:00:00', '07:00:00', 5, 1, 'blades_8.gif', 0, 0, 0),
(1124, 2, 'NApUOoWd', 'test', '', '', 'Artist', 'Barrie ontario canada', '44.00665267', '-80.07908925', '2013-03-26', '2013-03-26', '20:00:00', '08:00:00', 5, 1, 'blades_8.gif', 0, 0, 0),
(1125, 2, 'tM  HdooDe', 'test', '', '', 'Artist', 'Barrie ontario canada', '44.25167775', '-80.85566238', '2013-03-27', '2013-03-27', '21:00:00', '09:00:00', 4, 1, 'blades_8.gif', 0, 0, 0),
(1126, 2, 'HiM  syvHc', 'test', '', '', 'Artist', 'Barrie ontario canada', '43.41012418', '-78.96225528', '2013-03-28', '2013-03-28', '22:00:00', '10:00:00', 1, 1, 'blades_8.gif', 0, 0, 0),
(1127, 2, 'm  dCKWGrM  ', 'test', '', '', 'Artist', 'Barrie ontario canada', '44.27772213', '-81.37809472', '2013-03-29', '2013-03-29', '23:00:00', '11:00:00', 3, 1, 'blades_8.gif', 0, 0, 0),
(1128, 2, 'ShaFhPNy', 'test', '', '', 'Artist', 'Barrie ontario canada', '44.46398573', '-80.30125567', '2013-03-30', '2013-03-30', '00:00:00', '12:00:00', 2, 1, 'blades_8.gif', 0, 0, 0),
(1129, 2, 'aDWfBAWp', 'test', '', '', 'Artist', 'Barrie ontario canada', '43.82369047', '-79.21739438', '2013-03-31', '2013-03-31', '01:00:00', '13:00:00', 3, 1, 'blades_8.gif', 0, 0, 0),
(1130, 2, 'DcwhtxlJ', 'test', '', '', 'Artist', 'Barrie ontario canada', '44.74404774', '-80.1867917', '2013-04-01', '2013-04-01', '02:00:00', '14:00:00', 1, 1, 'blades_8.gif', 0, 0, 0),
(1131, 2, 'RoM  dWLNK', 'test', '', '', 'Artist', 'Barrie ontario canada', '44.32848808', '-79.40464682', '2013-04-02', '2013-04-02', '03:00:00', '15:00:00', 1, 1, 'blades_8.gif', 0, 0, 0),
(1132, 2, 'rzAgcOWw', 'test', '', '', 'Artist', 'Barrie ontario canada', '44.08178618', '-78.83512131', '2013-04-03', '2013-04-03', '04:00:00', '16:00:00', 1, 1, 'blades_8.gif', 0, 0, 0),
(1133, 2, 'rvcUEloO', 'test', '', '', 'Artist', 'Barrie ontario canada', '43.11341737', '-80.2526033', '2013-04-04', '2013-04-04', '05:00:00', '17:00:00', 1, 1, 'blades_8.gif', 0, 0, 0),
(1134, 2, 'kExAlBfQ', 'test', '', '', 'Artist', 'Barrie ontario canada', '43.7098711', '-79.73910893', '2013-04-05', '2013-04-05', '06:00:00', '18:00:00', 3, 1, 'blades_8.gif', 0, 0, 0),
(1135, 2, 'aufpjWvi', 'test', '', '', 'Artist', 'Barrie ontario canada', '45.06818877', '-79.05870355', '2013-04-06', '2013-04-06', '07:00:00', '19:00:00', 1, 1, 'blades_8.gif', 0, 0, 0),
(1136, 2, 'BnIJxlHM  ', 'test', '', '', 'Artist', 'Barrie ontario canada', '43.57432527', '-78.20981281', '2013-04-07', '2013-04-07', '08:00:00', '20:00:00', 1, 1, 'blades_8.gif', 0, 0, 0),
(1137, 2, 'PPJdhDzL', 'test', '', '', 'Artist', 'Barrie ontario canada', '43.89897147', '-78.39027323', '2013-04-08', '2013-04-08', '09:00:00', '21:00:00', 4, 1, 'blades_8.gif', 0, 0, 0),
(1138, 2, 'okilGDbr', 'test', '', '', 'Artist', 'Barrie ontario canada', '43.45417554', '-80.52096673', '2013-04-09', '2013-04-09', '10:00:00', '22:00:00', 3, 1, 'blades_8.gif', 0, 0, 0),
(1139, 2, 'Gm  nEm  uqt', 'test', '', '', 'Artist', 'Barrie ontario canada', '44.89594332', '-78.2536182', '2013-04-10', '2013-04-10', '11:00:00', '23:00:00', 3, 1, 'blades_8.gif', 0, 0, 0),
(1140, 2, 'WKJweekL', 'test', '', '', 'Artist', 'Barrie ontario canada', '45.25533313', '-79.82273882', '2013-04-11', '2013-04-11', '12:00:00', '00:00:00', 1, 1, 'blades_8.gif', 0, 0, 0),
(1141, 2, 'kLhxVrTz', 'test', '', '', 'Artist', 'Barrie ontario canada', '43.90120898', '-78.17531669', '2013-04-12', '2013-04-12', '13:00:00', '01:00:00', 4, 1, 'blades_8.gif', 0, 0, 0),
(1142, 2, 'NxbFiScB', 'test', '', '', 'Artist', 'Barrie ontario canada', '44.39209584', '-78.32444298', '2013-04-13', '2013-04-13', '14:00:00', '02:00:00', 5, 1, 'blades_8.gif', 0, 0, 0),
(1143, 2, 'CoHBM  kKe', 'test', '', '', 'Artist', 'Barrie ontario canada', '44.08001311', '-79.32192998', '2013-04-14', '2013-04-14', '15:00:00', '03:00:00', 1, 1, 'blades_8.gif', 0, 0, 0),
(1144, 2, 'iCuqvjDx', 'test', '', '', 'Artist', 'Barrie ontario canada', '44.93873908', '-78.33875601', '2013-04-15', '2013-04-15', '16:00:00', '04:00:00', 1, 1, 'blades_8.gif', 0, 0, 0),
(1145, 2, 'BshIdjKg', 'test', '', '', 'Artist', 'Barrie ontario canada', '43.16007986', '-79.54687176', '2013-04-16', '2013-04-16', '17:00:00', '05:00:00', 4, 1, 'blades_8.gif', 0, 0, 0),
(1146, 2, 'uKvTqSzR', 'test', '', '', 'Artist', 'Barrie ontario canada', '45.2648985', '-80.40483951', '2013-04-17', '2013-04-17', '18:00:00', '06:00:00', 2, 1, 'blades_8.gif', 0, 0, 0),
(1147, 2, 'QJUElpRw', 'test', '', '', 'Artist', 'Barrie ontario canada', '43.26886877', '-78.86990741', '2013-04-18', '2013-04-18', '19:00:00', '07:00:00', 1, 1, 'blades_8.gif', 0, 0, 0),
(1148, 2, 'EJNOJhED', 'test', '', '', 'Artist', 'Barrie ontario canada', '44.14594945', '-81.30406801', '2013-04-19', '2013-04-19', '20:00:00', '08:00:00', 5, 1, 'blades_8.gif', 0, 0, 0),
(1149, 2, 'gPRRLjGI', 'test', '', '', 'Artist', 'Barrie ontario canada', '45.42798185', '-78.90520052', '2013-04-20', '2013-04-20', '21:00:00', '09:00:00', 3, 1, 'blades_8.gif', 0, 0, 0),
(1150, 2, 'AExydRij', 'test', '', '', 'Artist', 'Barrie ontario canada', '44.57317884', '-80.62049644', '2013-04-21', '2013-04-21', '22:00:00', '10:00:00', 2, 1, 'blades_8.gif', 0, 0, 0),
(1151, 2, 'vFSDnCfO', 'test', '', '', 'Artist', 'Barrie ontario canada', '44.19464189', '-80.37202543', '2013-04-22', '2013-04-22', '23:00:00', '11:00:00', 3, 1, 'blades_8.gif', 0, 0, 0),
(1152, 2, 'M  xaDbouk', 'test', '', '', 'Artist', 'Barrie ontario canada', '45.47574174', '-80.35644785', '2013-04-23', '2013-04-23', '00:00:00', '12:00:00', 2, 1, 'blades_8.gif', 0, 0, 0),
(1153, 2, 'Lm  TSIPfc', 'test', '', '', 'Artist', 'Barrie ontario canada', '45.37953063', '-79.28495201', '2013-04-24', '2013-04-24', '01:00:00', '13:00:00', 4, 1, 'blades_8.gif', 0, 0, 0),
(1154, 2, 'Srdm  fNGS', 'test', '', '', 'Artist', 'Barrie ontario canada', '44.14500529', '-78.12490429', '2013-04-25', '2013-04-25', '02:00:00', '14:00:00', 3, 1, 'blades_8.gif', 0, 0, 0),
(1155, 2, 'BeJtOUkl', 'test', '', '', 'Artist', 'Barrie ontario canada', '44.15527465', '-79.19048352', '2013-04-26', '2013-04-26', '03:00:00', '15:00:00', 4, 1, 'blades_8.gif', 0, 0, 0),
(1156, 2, 'AWrPfbOb', 'test', '', '', 'Artist', 'Barrie ontario canada', '43.14803951', '-79.00144244', '2013-04-27', '2013-04-27', '04:00:00', '16:00:00', 1, 1, 'blades_8.gif', 0, 0, 0),
(1157, 2, 'HoxycM  Ly', 'test', '', '', 'Artist', 'Barrie ontario canada', '45.64416407', '-79.21161119', '2013-04-28', '2013-04-28', '05:00:00', '17:00:00', 1, 1, 'blades_8.gif', 0, 0, 0),
(1158, 2, 'iqhNCyHW', 'test', '', '', 'Artist', 'Barrie ontario canada', '44.28445879', '-80.43092232', '2013-04-29', '2013-04-29', '06:00:00', '18:00:00', 3, 1, 'blades_8.gif', 0, 0, 0),
(1159, 2, 'QqexgiwO', 'test', '', '', 'Artist', 'Barrie ontario canada', '45.67215203', '-79.65772118', '2013-04-30', '2013-04-30', '07:00:00', '19:00:00', 4, 1, 'blades_8.gif', 0, 0, 0),
(1160, 2, 'JgydRkvA', 'test', '', '', 'Artist', 'Barrie ontario canada', '44.80860018', '-78.71601209', '2013-05-01', '2013-05-01', '08:00:00', '20:00:00', 2, 1, 'blades_8.gif', 0, 0, 0),
(1161, 2, 'rkVjdM  Jn', 'test', '', '', 'Artist', 'Barrie ontario canada', '45.10389358', '-78.61460911', '2013-05-02', '2013-05-02', '09:00:00', '21:00:00', 2, 1, 'blades_8.gif', 0, 0, 0),
(1162, 2, 'iaCRGGrM  ', 'test', '', '', 'Artist', 'Barrie ontario canada', '45.22307247', '-80.63250213', '2013-05-03', '2013-05-03', '10:00:00', '22:00:00', 4, 1, 'blades_8.gif', 0, 0, 0),
(1163, 2, 'OLsBIPfc', 'test', '', '', 'Artist', 'Barrie ontario canada', '45.33065321', '-79.0541235', '2013-05-04', '2013-05-04', '11:00:00', '23:00:00', 5, 1, 'blades_8.gif', 0, 0, 0),
(1164, 2, 'QlAWrM  QW', 'test', '', '', 'Artist', 'Barrie ontario canada', '43.6078924', '-80.44534154', '2013-05-05', '2013-05-05', '12:00:00', '00:00:00', 3, 1, 'blades_8.gif', 0, 0, 0),
(1165, 2, 'qKHhJjKh', 'test', '', '', 'Artist', 'Barrie ontario canada', '44.02355588', '-80.75179723', '2013-05-06', '2013-05-06', '13:00:00', '01:00:00', 1, 1, 'blades_8.gif', 0, 0, 0),
(1166, 2, 'BrdppGrM  ', 'test', '', '', 'Artist', 'Barrie ontario canada', '45.27270831', '-78.39705903', '2013-05-07', '2013-05-07', '14:00:00', '02:00:00', 4, 1, 'blades_8.gif', 0, 0, 0),
(1167, 2, 'RfPRTVeA', 'test', '', '', 'Artist', 'Barrie ontario canada', '43.75852039', '-80.95248962', '2013-05-08', '2013-05-08', '15:00:00', '03:00:00', 4, 1, 'blades_8.gif', 0, 0, 0),
(1168, 2, 'vzqgELSl', 'test', '', '', 'Artist', 'Barrie ontario canada', '44.15272279', '-81.31525795', '2013-05-09', '2013-05-09', '16:00:00', '04:00:00', 1, 1, 'blades_8.gif', 0, 0, 0),
(1169, 2, 'vyjxOIaW', 'test', '', '', 'Artist', 'Barrie ontario canada', '44.8055065', '-78.39877649', '2013-05-10', '2013-05-10', '17:00:00', '05:00:00', 5, 1, 'blades_8.gif', 0, 0, 0),
(1170, 2, 'RyOGOhlJ', 'test', '', '', 'Artist', 'Barrie ontario canada', '45.51724867', '-80.23504536', '2013-05-11', '2013-05-11', '18:00:00', '06:00:00', 1, 1, 'blades_8.gif', 0, 0, 0),
(1171, 2, 'VEm  rbesD', 'test', '', '', 'Artist', 'Barrie ontario canada', '43.38664463', '-79.55801229', '2013-05-12', '2013-05-12', '19:00:00', '07:00:00', 5, 1, 'blades_8.gif', 0, 0, 0),
(1172, 2, 'SGGpBOyc', 'test', '', '', 'Artist', 'Barrie ontario canada', '44.59268757', '-78.32569351', '2013-05-13', '2013-05-13', '20:00:00', '08:00:00', 5, 1, 'blades_8.gif', 0, 0, 0),
(1173, 2, 'HnrUIEaj', 'test', '', '', 'Artist', 'Barrie ontario canada', '45.17793691', '-80.58404133', '2013-05-14', '2013-05-14', '21:00:00', '09:00:00', 2, 1, 'blades_8.gif', 0, 0, 0),
(1174, 2, 'UiVsaQpW', 'test', '', '', 'Artist', 'Barrie ontario canada', '43.62574446', '-80.54687845', '2013-05-15', '2013-05-15', '22:00:00', '10:00:00', 4, 1, 'blades_8.gif', 0, 0, 0),
(1175, 2, 'biM  szxQP', 'test', '', '', 'Artist', 'Barrie ontario canada', '43.98106927', '-79.09741956', '2013-05-16', '2013-05-16', '23:00:00', '11:00:00', 4, 1, 'blades_8.gif', 0, 0, 0),
(1176, 2, 'HPkxKppH', 'test', '', '', 'Artist', 'Barrie ontario canada', '45.18727164', '-80.24733405', '2013-05-17', '2013-05-17', '00:00:00', '12:00:00', 3, 1, 'blades_8.gif', 0, 0, 0),
(1177, 2, 'ubTATbrI', 'test', '', '', 'Artist', 'Barrie ontario canada', '43.90591409', '-80.01655658', '2013-05-18', '2013-05-18', '01:00:00', '13:00:00', 2, 1, 'blades_8.gif', 0, 0, 0),
(1178, 2, 'vfjGIBFC', 'test', '', '', 'Artist', 'Barrie ontario canada', '45.51307556', '-79.86993089', '2013-05-19', '2013-05-19', '02:00:00', '14:00:00', 5, 1, 'blades_8.gif', 0, 0, 0),
(1179, 2, 'WjbywLwb', 'test', '', '', 'Artist', 'Barrie ontario canada', '45.08564304', '-79.34352021', '2013-05-20', '2013-05-20', '03:00:00', '15:00:00', 3, 1, 'blades_8.gif', 0, 0, 0),
(1180, 2, 'KEQxM  ApU', 'test', '', '', 'Artist', 'Barrie ontario canada', '43.92286547', '-80.44306439', '2013-05-21', '2013-05-21', '04:00:00', '16:00:00', 5, 1, 'blades_8.gif', 0, 0, 0),
(1181, 2, 'NkFALm  UV', 'test', '', '', 'Artist', 'Barrie ontario canada', '44.13956989', '-81.34072819', '2013-05-22', '2013-05-22', '05:00:00', '17:00:00', 5, 1, 'blades_8.gif', 0, 0, 0),
(1182, 2, 'VVSGALkJ', 'test', '', '', 'Artist', 'Barrie ontario canada', '43.3384791', '-80.61840253', '2013-05-23', '2013-05-23', '06:00:00', '18:00:00', 5, 1, 'blades_8.gif', 0, 0, 0),
(1183, 2, 'bTDicJyo', 'test', '', '', 'Artist', 'Barrie ontario canada', '43.85692703', '-79.74538945', '2013-05-24', '2013-05-24', '07:00:00', '19:00:00', 3, 1, 'blades_8.gif', 0, 0, 0),
(1184, 2, 'bnoFqLPQ', 'test', '', '', 'Artist', 'Barrie ontario canada', '44.20983683', '-79.90357743', '2013-05-25', '2013-05-25', '08:00:00', '20:00:00', 2, 1, 'blades_8.gif', 0, 0, 0),
(1185, 2, 'NuHjSTVd', 'test', '', '', 'Artist', 'Barrie ontario canada', '44.50051807', '-79.64937233', '2013-05-26', '2013-05-26', '09:00:00', '21:00:00', 4, 1, 'blades_8.gif', 0, 0, 0),
(1186, 2, 'wdTwzkxN', 'test', '', '', 'Artist', 'Barrie ontario canada', '44.53521309', '-80.1462414', '2013-05-27', '2013-05-27', '10:00:00', '22:00:00', 2, 1, 'blades_8.gif', 0, 0, 0),
(1187, 2, 'CxGRwFPm  ', 'test', '', '', 'Artist', 'Barrie ontario canada', '45.43357722', '-78.70953244', '2013-05-28', '2013-05-28', '11:00:00', '23:00:00', 4, 1, 'blades_8.gif', 0, 0, 0),
(1188, 2, 'M  gqlhfda', 'test', '', '', 'Artist', 'Barrie ontario canada', '43.23198671', '-79.97095867', '2013-05-29', '2013-05-29', '12:00:00', '00:00:00', 3, 1, 'blades_8.gif', 0, 0, 0),
(1189, 2, 'NdRm  BeJt', 'test', '', '', 'Artist', 'Barrie ontario canada', '44.7949871', '-79.26797414', '2013-05-30', '2013-05-30', '13:00:00', '01:00:00', 1, 1, 'blades_8.gif', 0, 0, 0),
(1190, 2, 'OUnxCyJf', 'test', '', '', 'Artist', 'Barrie ontario canada', '43.1220107', '-79.90968527', '2013-05-31', '2013-05-31', '14:00:00', '02:00:00', 3, 1, 'blades_8.gif', 0, 0, 0),
(1191, 2, 'uInnzOAk', 'test', '', '', 'Artist', 'Barrie ontario canada', '45.30973322', '-79.77829642', '2013-06-01', '2013-06-01', '15:00:00', '03:00:00', 3, 1, 'blades_8.gif', 0, 0, 0),
(1192, 2, 'wEJNNFOh', 'test', '', '', 'Artist', 'Barrie ontario canada', '43.84764183', '-81.11286347', '2013-06-02', '2013-06-02', '16:00:00', '04:00:00', 2, 1, 'blades_8.gif', 0, 0, 0),
(1193, 2, 'm  RGGqHub', 'test', '', '', 'Artist', 'Barrie ontario canada', '43.4793314', '-78.67676941', '2013-06-03', '2013-06-03', '17:00:00', '05:00:00', 1, 1, 'blades_8.gif', 0, 0, 0),
(1194, 2, 'RrfznLcU', 'test', '', '', 'Artist', 'Barrie ontario canada', '43.78364912', '-80.54005707', '2013-06-04', '2013-06-04', '18:00:00', '06:00:00', 4, 1, 'blades_8.gif', 0, 0, 0),
(1195, 2, 'DfM  ELUti', 'test', '', '', 'Artist', 'Barrie ontario canada', '45.30386673', '-79.97299241', '2013-06-05', '2013-06-05', '19:00:00', '07:00:00', 3, 1, 'blades_8.gif', 0, 0, 0),
(1196, 2, 'GPisrFhN', 'test', '', '', 'Artist', 'Barrie ontario canada', '43.33199049', '-80.8151798', '2013-06-06', '2013-06-06', '20:00:00', '08:00:00', 1, 1, 'blades_8.gif', 0, 0, 0),
(1197, 2, 'DATanoJH', 'test', '', '', 'Artist', 'Barrie ontario canada', '44.66655746', '-78.46523699', '2013-06-07', '2013-06-07', '21:00:00', '09:00:00', 5, 1, 'blades_8.gif', 0, 0, 0),
(1198, 2, 'noFpHwm  R', 'test', '', '', 'Artist', 'Barrie ontario canada', '43.63715186', '-79.16894826', '2013-06-08', '2013-06-08', '22:00:00', '10:00:00', 2, 1, 'blades_8.gif', 0, 0, 0),
(1199, 2, 'JRqUNfiA', 'test', '', '', 'Artist', 'Barrie ontario canada', '43.75605717', '-78.58276089', '2013-06-09', '2013-06-09', '23:00:00', '11:00:00', 5, 1, 'blades_8.gif', 0, 0, 0),
(1200, 2, 'joUNkEwu', 'test', '', '', 'Artist', 'Barrie ontario canada', '43.39066524', '-80.74057939', '2013-06-10', '2013-06-10', '00:00:00', '12:00:00', 4, 1, 'blades_8.gif', 0, 0, 0),
(1201, 2, 'LAtsIsOT', 'test', '', '', 'Artist', 'Barrie ontario canada', '45.59584762', '-78.88842562', '2013-06-11', '2013-06-11', '01:00:00', '13:00:00', 2, 1, 'blades_8.gif', 0, 0, 0),
(1202, 2, 'idNQSTUV', 'test', '', '', 'Artist', 'Barrie ontario canada', '43.4429911', '-80.82901794', '2013-06-12', '2013-06-12', '02:00:00', '14:00:00', 5, 1, 'blades_8.gif', 0, 0, 0),
(1203, 2, 'VVUNiwLy', 'test', '', '', 'Artist', 'Barrie ontario canada', '44.10087367', '-80.8961467', '2013-06-13', '2013-06-13', '03:00:00', '15:00:00', 2, 1, 'blades_8.gif', 0, 0, 0),
(1204, 2, 'gkGGqFm  r', 'test', '', '', 'Artist', 'Barrie ontario canada', '43.51875602', '-80.72619362', '2013-06-14', '2013-06-14', '04:00:00', '16:00:00', 1, 1, 'blades_8.gif', 0, 0, 0),
(1205, 2, 'aWSDnzOC', 'test', '', '', 'Artist', 'Barrie ontario canada', '44.46509208', '-81.33443248', '2013-06-15', '2013-06-15', '05:00:00', '17:00:00', 4, 1, 'blades_8.gif', 0, 0, 0),
(1206, 2, 'sjOyeRks', 'test', '', '', 'Artist', 'Barrie ontario canada', '43.84230756', '-78.5893149', '2013-06-16', '2013-06-16', '06:00:00', '18:00:00', 1, 1, 'blades_8.gif', 0, 0, 0),
(1207, 2, 'm  hbGlgaG', 'test', '', '', 'Artist', 'Barrie ontario canada', '43.6096377', '-80.31667394', '2013-06-17', '2013-06-17', '07:00:00', '19:00:00', 3, 1, 'blades_8.gif', 0, 0, 0),
(1208, 2, 'm  oKOTfM  E', 'test', '', '', 'Artist', 'Barrie ontario canada', '43.50106808', '-79.96596186', '2013-06-18', '2013-06-18', '08:00:00', '20:00:00', 2, 1, 'blades_8.gif', 0, 0, 0),
(1209, 2, 'JNOKkQIT', 'test', '', '', 'Artist', 'Barrie ontario canada', '45.21715324', '-80.13481553', '2013-06-19', '2013-06-19', '09:00:00', '21:00:00', 4, 1, 'blades_8.gif', 0, 0, 0),
(1210, 2, 'xFM  WEgLt', 'test', '', '', 'Artist', 'Barrie ontario canada', '44.74171363', '-81.03161078', '2013-06-20', '2013-06-20', '10:00:00', '22:00:00', 3, 1, 'blades_8.gif', 0, 0, 0),
(1211, 2, 'KzrkarOd', 'test', '', '', 'Artist', 'Barrie ontario canada', '43.11855761', '-80.0224394', '2013-06-21', '2013-06-21', '11:00:00', '23:00:00', 3, 1, 'blades_8.gif', 0, 0, 0),
(1212, 2, 'PbCPwLvR', 'test', '', '', 'Artist', 'Barrie ontario canada', '45.39526828', '-79.36598245', '2013-06-22', '2013-06-22', '12:00:00', '00:00:00', 2, 1, 'blades_8.gif', 0, 0, 0),
(1213, 2, 'gVyBrdm  e', 'test', '', '', 'Artist', 'Barrie ontario canada', '45.65374783', '-79.31755548', '2013-06-23', '2013-06-23', '13:00:00', '01:00:00', 3, 1, 'blades_8.gif', 0, 0, 0),
(1214, 2, 'HgDFugwO', 'test', '', '', 'Artist', 'Barrie ontario canada', '45.11721244', '-78.87936504', '2013-06-24', '2013-06-24', '14:00:00', '02:00:00', 5, 1, 'blades_8.gif', 0, 0, 0),
(1215, 2, 'NBskTVcr', 'test', '', '', 'Artist', 'Barrie ontario canada', '45.60432197', '-79.67150823', '2013-06-25', '2013-06-25', '15:00:00', '03:00:00', 1, 1, 'blades_8.gif', 0, 0, 0),
(1216, 2, 'GlgbJyql', 'test', '', '', 'Artist', 'Barrie ontario canada', '44.39434065', '-78.57404451', '2013-06-26', '2013-06-26', '16:00:00', '04:00:00', 1, 1, 'blades_8.gif', 0, 0, 0),
(1217, 2, 'gUqQqbhH', 'test', '', '', 'Artist', 'Barrie ontario canada', '45.64661595', '-80.19835558', '2013-06-27', '2013-06-27', '17:00:00', '05:00:00', 3, 1, 'blades_8.gif', 0, 0, 0),
(1218, 2, 'WSCidRku', 'test', '', '', 'Artist', 'Barrie ontario canada', '43.99302324', '-79.53139834', '2013-06-28', '2013-06-28', '18:00:00', '06:00:00', 4, 1, 'blades_8.gif', 0, 0, 0),
(1219, 2, 'vWBPCrWU', 'test', '', '', 'Artist', 'Barrie ontario canada', '45.28765065', '-81.08576119', '2013-06-29', '2013-06-29', '19:00:00', '07:00:00', 2, 1, 'blades_8.gif', 0, 0, 0),
(1220, 2, 'LUxAm  Fyy', 'test', '', '', 'Artist', 'Barrie ontario canada', '45.4706155', '-79.34000501', '2013-06-30', '2013-06-30', '20:00:00', '08:00:00', 4, 1, 'blades_8.gif', 0, 0, 0),
(1221, 2, 'cKCEtfrx', 'test', '', '', 'Artist', 'Barrie ontario canada', '44.23526997', '-80.86829494', '2013-07-01', '2013-07-01', '21:00:00', '09:00:00', 1, 1, 'blades_8.gif', 0, 0, 0),
(1222, 2, 'obpwpjcI', 'test', '', '', 'Artist', 'Barrie ontario canada', '45.29599793', '-79.90030273', '2013-07-02', '2013-07-02', '22:00:00', '10:00:00', 3, 1, 'blades_8.gif', 0, 0, 0),
(1223, 2, 'rHsLJorQ', 'test', '', '', 'Artist', 'Barrie ontario canada', '45.45231838', '-80.6111347', '2013-07-03', '2013-07-03', '23:00:00', '11:00:00', 5, 1, 'blades_8.gif', 0, 0, 0),
(1224, 2, 'oQwFQvAv', 'test', '', '', 'Artist', 'Barrie ontario canada', '44.12454437', '-80.42621407', '2013-07-04', '2013-07-04', '00:00:00', '12:00:00', 5, 1, 'blades_8.gif', 0, 0, 0),
(1225, 2, 'zoSHJzxN', 'test', '', '', 'Artist', 'Barrie ontario canada', '45.39681391', '-79.16166348', '2013-07-05', '2013-07-05', '01:00:00', '13:00:00', 1, 1, 'blades_8.gif', 0, 0, 0),
(1226, 2, 'BslcACoI', 'test', '', '', 'Artist', 'Barrie ontario canada', '43.56187991', '-80.13371356', '2013-07-06', '2013-07-06', '02:00:00', '14:00:00', 1, 1, 'blades_8.gif', 0, 0, 0),
(1227, 2, 'FdwfhwNH', 'test', '', '', 'Artist', 'Barrie ontario canada', '44.75740621', '-78.05895981', '2013-07-07', '2013-07-07', '03:00:00', '15:00:00', 3, 1, 'blades_8.gif', 0, 0, 0),
(1228, 2, 'WSzSWm  nC', 'test', '', '', 'Artist', 'Barrie ontario canada', '44.96586548', '-78.4901915', '2013-07-08', '2013-07-08', '04:00:00', '16:00:00', 4, 1, 'blades_8.gif', 0, 0, 0),
(1229, 2, 'eKtNNFNf', 'test', '', '', 'Artist', 'Barrie ontario canada', '43.31886069', '-79.96918924', '2013-07-09', '2013-07-09', '05:00:00', '17:00:00', 4, 1, 'blades_8.gif', 0, 0, 0),
(1230, 2, 'goeCCkqW', 'test', '', '', 'Artist', 'Barrie ontario canada', '43.99598723', '-80.69709855', '2013-07-10', '2013-07-10', '06:00:00', '18:00:00', 5, 1, 'blades_8.gif', 0, 0, 0),
(1231, 2, 'TIIubPhk', 'test', '', '', 'Artist', 'Barrie ontario canada', '43.8806482', '-79.17467612', '2013-07-11', '2013-07-11', '07:00:00', '19:00:00', 5, 1, 'blades_8.gif', 0, 0, 0),
(1232, 2, 'EvszxRUe', 'test', '', '', 'Artist', 'Barrie ontario canada', '43.28983072', '-78.70950598', '2013-07-12', '2013-07-12', '08:00:00', '20:00:00', 2, 1, 'blades_8.gif', 0, 0, 0),
(1233, 2, 'GWVPsotf', 'test', '', '', 'Artist', 'Barrie ontario canada', '45.52557946', '-80.60446993', '2013-07-13', '2013-07-13', '09:00:00', '21:00:00', 4, 1, 'blades_8.gif', 0, 0, 0),
(1234, 2, 'rucVKKAy', 'test', '', '', 'Artist', 'Barrie ontario canada', '44.92680697', '-79.72976331', '2013-07-14', '2013-07-14', '10:00:00', '22:00:00', 2, 1, 'blades_8.gif', 0, 0, 0),
(1235, 2, 'PHUIEaiP', 'test', '', '', 'Artist', 'Barrie ontario canada', '44.1281014', '-79.43321496', '2013-07-15', '2013-07-15', '11:00:00', '23:00:00', 2, 1, 'blades_8.gif', 0, 0, 0),
(1236, 2, 'IUGuiBnK', 'test', '', '', 'Artist', 'Barrie ontario canada', '44.5473964', '-77.82151989', '2013-07-16', '2013-07-16', '12:00:00', '00:00:00', 3, 1, 'blades_8.gif', 0, 0, 0),
(1237, 2, 'PcHm  nDid', 'test', '', '', 'Artist', 'Barrie ontario canada', '44.17645452', '-80.69713634', '2013-07-17', '2013-07-17', '13:00:00', '01:00:00', 1, 1, 'blades_8.gif', 0, 0, 0),
(1238, 2, 'NOHWSAat', 'test', '', '', 'Artist', 'Barrie ontario canada', '44.38471159', '-77.91089354', '2013-07-18', '2013-07-18', '14:00:00', '02:00:00', 4, 1, 'blades_8.gif', 0, 0, 0),
(1239, 2, 'WLPRUdxj', 'test', '', '', 'Artist', 'Barrie ontario canada', '44.62195737', '-81.03926092', '2013-07-19', '2013-07-19', '15:00:00', '03:00:00', 2, 1, 'blades_8.gif', 0, 0, 0),
(1240, 2, 'zcFeAspv', 'test', '', '', 'Artist', 'Barrie ontario canada', '44.02159566', '-80.47516696', '2013-07-20', '2013-07-20', '16:00:00', '04:00:00', 4, 1, 'blades_8.gif', 0, 0, 0),
(1241, 2, 'lQDwvONz', 'test', '', '', 'Artist', 'Barrie ontario canada', '45.62801418', '-79.8784993', '2013-07-21', '2013-07-21', '17:00:00', '05:00:00', 2, 1, 'blades_8.gif', 0, 0, 0),
(1242, 2, 'm  GBM  ofFQ', 'test', '', '', 'Artist', 'Barrie ontario canada', '44.37850155', '-80.21940283', '2013-07-22', '2013-07-22', '18:00:00', '06:00:00', 2, 1, 'blades_8.gif', 0, 0, 0),
(1243, 2, 'wIhFJJvb', 'test', '', '', 'Artist', 'Barrie ontario canada', '44.98523871', '-79.68004416', '2013-07-23', '2013-07-23', '19:00:00', '07:00:00', 3, 1, 'blades_8.gif', 0, 0, 0),
(1244, 2, 'NVuhzfaI', 'test', '', '', 'Artist', 'Barrie ontario canada', '45.30887527', '-79.15963403', '2013-07-24', '2013-07-24', '20:00:00', '08:00:00', 1, 1, 'blades_8.gif', 0, 0, 0),
(1245, 2, 'ytwfiCse', 'test', '', '', 'Artist', 'Barrie ontario canada', '44.60445411', '-79.12669221', '2013-07-25', '2013-07-25', '21:00:00', '09:00:00', 5, 1, 'blades_8.gif', 0, 0, 0),
(1246, 2, 'rzzcGkdH', 'test', '', '', 'Artist', 'Barrie ontario canada', '44.01458821', '-78.62348955', '2013-07-26', '2013-07-26', '22:00:00', '10:00:00', 4, 1, 'blades_8.gif', 0, 0, 0),
(1247, 2, 'jVkim  LbR', 'test', '', '', 'Artist', 'Barrie ontario canada', '44.18353846', '-78.82801875', '2013-07-27', '2013-07-27', '23:00:00', '11:00:00', 1, 1, 'blades_8.gif', 0, 0, 0),
(1248, 2, 'rdprOeVB', 'test', '', '', 'Artist', 'Barrie ontario canada', '44.39496306', '-78.47203889', '2013-07-28', '2013-07-28', '00:00:00', '12:00:00', 3, 1, 'blades_8.gif', 0, 0, 0),
(1249, 2, 'TWezqfzm  ', 'test', '', '', 'Artist', 'Barrie ontario canada', '44.09882329', '-77.90087258', '2013-07-29', '2013-07-29', '01:00:00', '13:00:00', 2, 1, 'blades_8.gif', 0, 0, 0),
(1250, 2, 'INTklDlu', 'test', '', '', 'Artist', 'Barrie ontario canada', '44.44369936', '-79.92383684', '2013-07-30', '2013-07-30', '02:00:00', '14:00:00', 3, 1, 'blades_8.gif', 0, 0, 0),
(1251, 2, 'tHlgVwsy', 'test', '', '', 'Artist', 'Barrie ontario canada', '44.73298681', '-80.5769728', '2013-07-31', '2013-07-31', '03:00:00', '15:00:00', 1, 1, 'blades_8.gif', 0, 0, 0),
(1252, 2, 'ssM  KrDTM  ', 'test', '', '', 'Artist', 'Barrie ontario canada', '44.05929569', '-78.58907854', '2013-08-01', '2013-08-01', '04:00:00', '16:00:00', 2, 1, 'blades_8.gif', 0, 0, 0),
(1253, 2, 'jEzHSxFO', 'test', '', '', 'Artist', 'Barrie ontario canada', '43.97347824', '-81.151668', '2013-08-02', '2013-08-02', '05:00:00', '17:00:00', 4, 1, 'blades_8.gif', 0, 0, 0),
(1254, 2, 'hpfCErTB', 'test', '', '', 'Artist', 'Barrie ontario canada', '44.69430008', '-78.80855407', '2013-08-03', '2013-08-03', '06:00:00', '18:00:00', 4, 1, 'blades_8.gif', 0, 0, 0),
(1255, 2, 'byrqEeEM  ', 'test', '', '', 'Artist', 'Barrie ontario canada', '43.54241279', '-78.4927826', '2013-08-04', '2013-08-04', '07:00:00', '19:00:00', 4, 1, 'blades_8.gif', 0, 0, 0),
(1256, 2, 'bQjuxgjD', 'test', '', '', 'Artist', 'Barrie ontario canada', '44.91880055', '-79.42168328', '2013-08-05', '2013-08-05', '08:00:00', '20:00:00', 2, 1, 'blades_8.gif', 0, 0, 0),
(1257, 2, 'tiKgvLAs', 'test', '', '', 'Artist', 'Barrie ontario canada', '43.42403831', '-80.45363995', '2013-08-06', '2013-08-06', '09:00:00', '21:00:00', 2, 1, 'blades_8.gif', 0, 0, 0),
(1258, 2, 'pugwONBq', 'test', '', '', 'Artist', 'Barrie ontario canada', '44.86635093', '-79.33077006', '2013-08-07', '2013-08-07', '10:00:00', '22:00:00', 3, 1, 'blades_8.gif', 0, 0, 0),
(1259, 2, 'bhHUGxsw', 'test', '', '', 'Artist', 'Barrie ontario canada', '43.72298276', '-80.78154162', '2013-08-08', '2013-08-08', '11:00:00', '23:00:00', 4, 1, 'blades_8.gif', 0, 0, 0),
(1260, 2, 'izeSkrhI', 'test', '', '', 'Artist', 'Barrie ontario canada', '45.16130514', '-78.13555662', '2013-08-09', '2013-08-09', '12:00:00', '00:00:00', 3, 1, 'blades_8.gif', 0, 0, 0),
(1261, 2, 'cgyfcVFn', 'test', '', '', 'Artist', 'Barrie ontario canada', '44.22581335', '-79.84368646', '2013-08-10', '2013-08-10', '13:00:00', '01:00:00', 4, 1, 'blades_8.gif', 0, 0, 0),
(1262, 2, 'yEFqLPTd', 'test', '', '', 'Artist', 'Barrie ontario canada', '44.4857237', '-77.90483575', '2013-08-11', '2013-08-11', '14:00:00', '02:00:00', 1, 1, 'blades_8.gif', 0, 0, 0),
(1263, 2, 'CHJAzWue', 'test', '', '', 'Artist', 'Barrie ontario canada', '44.8437619', '-78.67223658', '2013-08-12', '2013-08-12', '15:00:00', '03:00:00', 2, 1, 'blades_8.gif', 0, 0, 0),
(1264, 2, 'iGJHlhcO', 'test', '', '', 'Artist', 'Barrie ontario canada', '44.12852808', '-79.60486875', '2013-08-13', '2013-08-13', '16:00:00', '04:00:00', 4, 1, 'blades_8.gif', 0, 0, 0),
(1265, 2, 'UoFpEgPP', 'test', '', '', 'Artist', 'Barrie ontario canada', '44.06374434', '-78.47326761', '2013-08-14', '2013-08-14', '17:00:00', '05:00:00', 2, 1, 'blades_8.gif', 0, 0, 0),
(1266, 2, 'IWOirnnD', 'test', '', '', 'Artist', 'Barrie ontario canada', '45.30929377', '-79.35137048', '2013-08-15', '2013-08-15', '18:00:00', '06:00:00', 3, 1, 'blades_8.gif', 0, 0, 0),
(1267, 2, 'gPODBapB', 'test', '', '', 'Artist', 'Barrie ontario canada', '45.14101651', '-78.71058282', '2013-08-16', '2013-08-16', '19:00:00', '07:00:00', 5, 1, 'blades_8.gif', 0, 0, 0),
(1268, 2, 'QFCansaW', 'test', '', '', 'Artist', 'Barrie ontario canada', '45.04529587', '-78.71030252', '2013-08-17', '2013-08-17', '20:00:00', '08:00:00', 5, 1, 'blades_8.gif', 0, 0, 0),
(1269, 2, 'RxLrACoJ', 'test', '', '', 'Artist', 'Barrie ontario canada', '43.31534484', '-80.15120127', '2013-08-18', '2013-08-18', '21:00:00', '09:00:00', 5, 1, 'blades_8.gif', 0, 0, 0),
(1270, 2, 'ItRlzRPA', 'test', '', '', 'Artist', 'Barrie ontario canada', '44.01669522', '-79.23119973', '2013-08-19', '2013-08-19', '22:00:00', '10:00:00', 5, 1, 'blades_8.gif', 0, 0, 0),
(1271, 2, 'lBdFcnko', 'test', '', '', 'Artist', 'Barrie ontario canada', '44.0185298', '-81.47261484', '2013-08-20', '2013-08-20', '23:00:00', '11:00:00', 3, 1, 'blades_8.gif', 0, 0, 0),
(1272, 2, 'M  bNUpLRe', 'test', '', '', 'Artist', 'Barrie ontario canada', '44.0161615', '-78.39526192', '2013-08-21', '2013-08-21', '00:00:00', '12:00:00', 4, 1, 'blades_8.gif', 0, 0, 0),
(1273, 2, 'LEOm  NlM  k', 'test', '', '', 'Artist', 'Barrie ontario canada', '44.42167405', '-80.03496494', '2013-08-22', '2013-08-22', '01:00:00', '13:00:00', 5, 1, 'blades_8.gif', 0, 0, 0),
(1274, 2, 'IPioUPro', 'test', '', '', 'Artist', 'Barrie ontario canada', '43.47999609', '-78.54027029', '2013-08-23', '2013-08-23', '02:00:00', '14:00:00', 3, 1, 'blades_8.gif', 0, 0, 0),
(1275, 2, 'scfrytzu', 'test', '', '', 'Artist', 'Barrie ontario canada', '45.0709172', '-81.19760514', '2013-08-24', '2013-08-24', '03:00:00', '15:00:00', 1, 1, 'blades_8.gif', 0, 0, 0),
(1276, 2, 'zrleKvaG', 'test', '', '', 'Artist', 'Barrie ontario canada', '44.65026556', '-81.00098212', '2013-08-25', '2013-08-25', '04:00:00', '16:00:00', 1, 1, 'blades_8.gif', 0, 0, 0),
(1277, 2, 'rJCJTvsC', 'test', '', '', 'Artist', 'Barrie ontario canada', '45.27805279', '-81.04273935', '2013-08-26', '2013-08-26', '05:00:00', '17:00:00', 3, 1, 'blades_8.gif', 0, 0, 0),
(1278, 2, 'OrpxxTm  v', 'test', '', '', 'Artist', 'Barrie ontario canada', '43.8798042', '-80.86829174', '2013-08-27', '2013-08-27', '06:00:00', '18:00:00', 3, 1, 'blades_8.gif', 0, 0, 0),
(1279, 2, 'wUschBrd', 'test', '', '', 'Artist', 'Barrie ontario canada', '44.04983585', '-78.33526095', '2013-08-28', '2013-08-28', '07:00:00', '19:00:00', 1, 1, 'blades_8.gif', 0, 0, 0),
(1280, 2, 'ooDeEQvF', 'test', '', '', 'Artist', 'Barrie ontario canada', '44.66138718', '-81.51966969', '2013-08-29', '2013-08-29', '08:00:00', '20:00:00', 1, 1, 'blades_8.gif', 0, 0, 0),
(1281, 2, 'SBeM  FPnQ', 'test', '', '', 'Artist', 'Barrie ontario canada', '44.49654985', '-78.39843055', '2013-08-30', '2013-08-30', '09:00:00', '21:00:00', 5, 1, 'blades_8.gif', 0, 0, 0),
(1282, 2, 'AcFexgnT', 'test', '', '', 'Artist', 'Barrie ontario canada', '43.6966695', '-78.21864301', '2013-08-31', '2013-08-31', '10:00:00', '22:00:00', 4, 1, 'blades_8.gif', 0, 0, 0),
(1283, 2, 'PwLtKAwF', 'test', '', '', 'Artist', 'Barrie ontario canada', '43.76891802', '-80.89546563', '2013-09-01', '2013-09-01', '11:00:00', '23:00:00', 2, 1, 'blades_8.gif', 0, 0, 0),
(1284, 2, 'QuvUwwSf', 'test', '', '', 'Artist', 'Barrie ontario canada', '43.52827853', '-80.10789972', '2013-09-02', '2013-09-02', '12:00:00', '00:00:00', 4, 1, 'blades_8.gif', 0, 0, 0),
(1285, 2, 'ShcLJnlq', 'test', '', '', 'Artist', 'Barrie ontario canada', '45.2026265', '-80.39704', '2013-09-03', '2013-09-03', '13:00:00', '01:00:00', 3, 1, 'blades_8.gif', 0, 0, 0),
(1286, 2, 'WSBeM  DJL', 'test', '', '', 'Artist', 'Barrie ontario canada', '44.99724813', '-81.30547641', '2013-09-04', '2013-09-04', '14:00:00', '02:00:00', 1, 1, 'blades_8.gif', 0, 0, 0),
(1287, 2, 'HfygkHLM  ', 'test', '', '', 'Artist', 'Barrie ontario canada', '43.64569291', '-79.70201584', '2013-09-05', '2013-09-05', '15:00:00', '03:00:00', 2, 1, 'blades_8.gif', 0, 0, 0),
(1288, 2, 'DGAIQkwG', 'test', '', '', 'Artist', 'Barrie ontario canada', '44.56039504', '-79.96705564', '2013-09-06', '2013-09-06', '16:00:00', '04:00:00', 2, 1, 'blades_8.gif', 0, 0, 0),
(1289, 2, 'UM  dVElqT', 'test', '', '', 'Artist', 'Barrie ontario canada', '44.69981173', '-78.20297034', '2013-09-07', '2013-09-07', '17:00:00', '05:00:00', 5, 1, 'blades_8.gif', 0, 0, 0),
(1290, 2, 'HCSKaM  To', 'test', '', '', 'Artist', 'Barrie ontario canada', '45.30541156', '-78.36050289', '2013-09-08', '2013-09-08', '18:00:00', '06:00:00', 1, 1, 'blades_8.gif', 0, 0, 0),
(1291, 2, 'Gwodym  Ka', 'test', '', '', 'Artist', 'Barrie ontario canada', '45.36218785', '-80.05694705', '2013-09-09', '2013-09-09', '19:00:00', '07:00:00', 4, 1, 'blades_8.gif', 0, 0, 0),
(1292, 2, 'OcM  M  DEqM  ', 'test', '', '', 'Artist', 'Barrie ontario canada', '44.35449489', '-79.04052694', '2013-09-10', '2013-09-10', '20:00:00', '08:00:00', 4, 1, 'blades_8.gif', 0, 0, 0),
(1293, 2, 'SlslWm  pP', 'test', '', '', 'Artist', 'Barrie ontario canada', '44.79239765', '-79.75038338', '2013-09-11', '2013-09-11', '21:00:00', '09:00:00', 3, 1, 'blades_8.gif', 0, 0, 0),
(1294, 2, 'nOnRGFm  q', 'test', '', '', 'Artist', 'Barrie ontario canada', '44.304918', '-77.97826075', '2013-09-12', '2013-09-12', '22:00:00', '10:00:00', 1, 1, 'blades_8.gif', 0, 0, 0),
(1295, 2, 'TCfQWqHw', 'test', '', '', 'Artist', 'Barrie ontario canada', '43.95433586', '-78.66730237', '2013-09-13', '2013-09-13', '23:00:00', '11:00:00', 4, 1, 'blades_8.gif', 0, 0, 0),
(1296, 2, 'jFEjcItO', 'test', '', '', 'Artist', 'Barrie ontario canada', '43.93658737', '-81.43284246', '2013-09-14', '2013-09-14', '00:00:00', '12:00:00', 5, 1, 'blades_8.gif', 0, 0, 0),
(1297, 2, 'aywPNxaC', 'test', '', '', 'Artist', 'Barrie ontario canada', '43.7153033', '-80.48436867', '2013-09-15', '2013-09-15', '01:00:00', '13:00:00', 5, 1, 'blades_8.gif', 0, 0, 0),
(1298, 2, 'RIOcLIiL', 'test', '', '', 'Artist', 'Barrie ontario canada', '45.46927167', '-80.18776556', '2013-09-16', '2013-09-16', '02:00:00', '14:00:00', 1, 1, 'blades_8.gif', 0, 0, 0),
(1299, 2, 'rwjBoM  WE', 'test', '', '', 'Artist', 'Barrie ontario canada', '43.26555963', '-79.30589353', '2013-09-17', '2013-09-17', '03:00:00', '15:00:00', 2, 1, 'blades_8.gif', 0, 0, 0),
(1300, 2, 'fJm  fLBvC', 'test', '', '', 'Artist', 'Barrie ontario canada', '45.67288383', '-79.10445536', '2013-09-18', '2013-09-18', '04:00:00', '16:00:00', 4, 1, 'blades_8.gif', 0, 0, 0);
INSERT INTO `tbl_events` (`event_id`, `user_id`, `event_title`, `event_description`, `event_website`, `event_tickets`, `event_creator_type`, `event_location`, `event_lat`, `event_lon`, `event_start_date`, `event_end_date`, `event_start_time`, `event_end_time`, `event_cat`, `event_sub_cat`, `event_image`, `event_min_age`, `event_type`, `event_claim`) VALUES
(1301, 2, 'zRSRJTzL', 'test', '', '', 'Artist', 'Barrie ontario canada', '43.87976979', '-78.09795656', '2013-09-19', '2013-09-19', '05:00:00', '17:00:00', 2, 1, 'blades_8.gif', 0, 0, 0),
(1302, 2, 'nfKtJuSn', 'test', '', '', 'Artist', 'Barrie ontario canada', '44.38932136', '-80.41693989', '2013-09-20', '2013-09-20', '06:00:00', '18:00:00', 4, 1, 'blades_8.gif', 0, 0, 0),
(1303, 2, 'HEaiQM  sz', 'test', '', '', 'Artist', 'Barrie ontario canada', '44.98768763', '-77.99718724', '2013-09-21', '2013-09-21', '07:00:00', '19:00:00', 4, 1, 'blades_8.gif', 0, 0, 0),
(1304, 2, 'yRWllwDD', 'test', '', '', 'Artist', 'Barrie ontario canada', '43.27107114', '-79.72283702', '2013-09-22', '2013-09-22', '08:00:00', '20:00:00', 5, 1, 'blades_8.gif', 0, 0, 0),
(1305, 2, 'ifcTvxaG', 'test', '', '', 'Artist', 'Barrie ontario canada', '44.57097104', '-77.90517889', '2013-09-23', '2013-09-23', '09:00:00', '21:00:00', 4, 1, 'blades_8.gif', 0, 0, 0),
(1306, 2, 'ovppCalj', 'test', '', '', 'Artist', 'Barrie ontario canada', '44.77020972', '-78.41196116', '2013-09-24', '2013-09-24', '10:00:00', '22:00:00', 5, 1, 'blades_8.gif', 0, 0, 0),
(1307, 2, 'nM  ehuGev', 'test', '', '', 'Artist', 'Barrie ontario canada', '44.88277547', '-81.43696087', '2013-09-25', '2013-09-25', '11:00:00', '23:00:00', 5, 1, 'blades_8.gif', 0, 0, 0),
(1308, 2, 'RhdSoLTs', 'test', '', '', 'Artist', 'Barrie ontario canada', '45.36086895', '-80.69907019', '2013-09-26', '2013-09-26', '12:00:00', '00:00:00', 2, 1, 'blades_8.gif', 0, 0, 0),
(1309, 2, 'dlUdzqiP', 'test', '', '', 'Artist', 'Barrie ontario canada', '43.71853003', '-80.38557677', '2013-09-27', '2013-09-27', '13:00:00', '01:00:00', 5, 1, 'blades_8.gif', 0, 0, 0),
(1310, 2, 'IWQrkVm  o', 'test', '', '', 'Artist', 'Barrie ontario canada', '43.68311087', '-81.09602317', '2013-09-28', '2013-09-28', '14:00:00', '02:00:00', 1, 1, 'blades_8.gif', 0, 0, 0),
(1311, 2, 'LUwtFbld', 'test', '', '', 'Artist', 'Barrie ontario canada', '44.80918299', '-81.46504447', '2013-09-29', '2013-09-29', '15:00:00', '03:00:00', 2, 1, 'blades_8.gif', 0, 0, 0),
(1312, 2, 'HgHWSBeM  ', 'test', '', '', 'Artist', 'Barrie ontario canada', '43.74363857', '-79.36928563', '2013-09-30', '2013-09-30', '16:00:00', '04:00:00', 5, 1, 'blades_8.gif', 0, 0, 0),
(1313, 2, 'FRwELUwv', 'test', '', '', 'Artist', 'Barrie ontario canada', '45.27966405', '-80.77482818', '2013-10-01', '2013-10-01', '17:00:00', '05:00:00', 3, 1, 'blades_8.gif', 0, 0, 0),
(1314, 2, 'OLtInoGs', 'test', '', '', 'Artist', 'Barrie ontario canada', '45.28204632', '-78.38410181', '2013-10-02', '2013-10-02', '18:00:00', '06:00:00', 5, 1, 'blades_8.gif', 0, 0, 0),
(1315, 2, 'TyHVM  aHt', 'test', '', '', 'Artist', 'Barrie ontario canada', '43.90305223', '-81.23841971', '2013-10-03', '2013-10-03', '19:00:00', '07:00:00', 5, 1, 'blades_8.gif', 0, 0, 0),
(1316, 2, 'StlUeEM  c', 'test', '', '', 'Artist', 'Barrie ontario canada', '43.34979114', '-79.27606946', '2013-10-04', '2013-10-04', '20:00:00', '08:00:00', 4, 1, 'blades_8.gif', 0, 0, 0),
(1317, 2, 'VEnvvNLu', 'test', '', '', 'Artist', 'Barrie ontario canada', '43.36136215', '-80.3220532', '2013-10-05', '2013-10-05', '21:00:00', '09:00:00', 2, 1, 'blades_8.gif', 0, 0, 0),
(1318, 2, 'NLvRgVxx', 'test', '', '', 'Artist', 'Barrie ontario canada', '45.25623853', '-80.74431001', '2013-10-06', '2013-10-06', '22:00:00', '10:00:00', 2, 1, 'blades_8.gif', 0, 0, 0),
(1319, 2, 'UoEm  rerx', 'test', '', '', 'Artist', 'Barrie ontario canada', '45.07632382', '-78.64411604', '2013-10-07', '2013-10-07', '23:00:00', '11:00:00', 4, 1, 'blades_8.gif', 0, 0, 0),
(1320, 2, 'pkcFdtKD', 'test', '', '', 'Artist', 'Barrie ontario canada', '45.30189181', '-79.75753907', '2013-10-08', '2013-10-08', '00:00:00', '12:00:00', 3, 1, 'blades_8.gif', 0, 0, 0),
(1321, 2, 'JQfVxyeU', 'test', '', '', 'Artist', 'Barrie ontario canada', '45.38894955', '-79.07863092', '2013-10-09', '2013-10-09', '01:00:00', '13:00:00', 2, 1, 'blades_8.gif', 0, 0, 0),
(1322, 2, 'yEFrNVui', 'test', '', '', 'Artist', 'Barrie ontario canada', '44.99584283', '-80.65133683', '2013-10-10', '2013-10-10', '02:00:00', '14:00:00', 4, 1, 'blades_8.gif', 0, 0, 0),
(1323, 2, 'DAQJbaSB', 'test', '', '', 'Artist', 'Barrie ontario canada', '44.53561069', '-80.43585064', '2013-10-11', '2013-10-11', '03:00:00', '15:00:00', 5, 1, 'blades_8.gif', 0, 0, 0),
(1324, 2, 'eLzoSHJy', 'test', '', '', 'Artist', 'Barrie ontario canada', '43.5362826', '-80.16859411', '2013-10-12', '2013-10-12', '04:00:00', '16:00:00', 2, 1, 'blades_8.gif', 0, 0, 0),
(1325, 2, 'tvbM  Qawm  ', 'test', '', '', 'Artist', 'Barrie ontario canada', '45.38919171', '-78.7914951', '2013-10-13', '2013-10-13', '05:00:00', '17:00:00', 1, 1, 'blades_8.gif', 0, 0, 0),
(1326, 2, 'QAhebSwA', 'test', '', '', 'Artist', 'Barrie ontario canada', '44.15346015', '-78.76183816', '2013-10-14', '2013-10-14', '06:00:00', '18:00:00', 3, 1, 'blades_8.gif', 0, 0, 0),
(1327, 2, 'sjRQFEkk', 'test', '', '', 'Artist', 'Barrie ontario canada', '45.38930545', '-78.55733761', '2013-10-15', '2013-10-15', '07:00:00', '19:00:00', 3, 1, 'blades_8.gif', 0, 0, 0),
(1328, 2, 'vxhnSLdf', 'test', '', '', 'Artist', 'Barrie ontario canada', '44.2315147', '-78.1043852', '2013-10-16', '2013-10-16', '08:00:00', '20:00:00', 2, 1, 'blades_8.gif', 0, 0, 0),
(1329, 2, 'ojbBKcaR', 'test', '', '', 'Artist', 'Barrie ontario canada', '44.7485965', '-78.56484014', '2013-10-17', '2013-10-17', '09:00:00', '21:00:00', 4, 1, 'blades_8.gif', 0, 0, 0),
(1330, 2, 'sooCdCIM  ', 'test', '', '', 'Artist', 'Barrie ontario canada', '44.45926484', '-80.08443494', '2013-10-18', '2013-10-18', '10:00:00', '22:00:00', 1, 1, 'blades_8.gif', 0, 0, 0),
(1331, 2, 'NIeqvhwN', 'test', '', '', 'Artist', 'Barrie ontario canada', '44.00823784', '-78.25495813', '2013-10-19', '2013-10-19', '11:00:00', '23:00:00', 3, 1, 'blades_8.gif', 0, 0, 0),
(1332, 2, 'FNhnWeyl', 'test', '', '', 'Artist', 'Barrie ontario canada', '44.92940618', '-79.41348787', '2013-10-20', '2013-10-20', '12:00:00', '00:00:00', 3, 1, 'blades_8.gif', 0, 0, 0),
(1333, 2, 'EvrvgqpD', 'test', '', '', 'Artist', 'Barrie ontario canada', '44.06478546', '-79.28935708', '2013-10-21', '2013-10-21', '13:00:00', '01:00:00', 4, 1, 'blades_8.gif', 0, 0, 0),
(1334, 2, 'WhM  xbIvc', 'test', '', '', 'Artist', 'Barrie ontario canada', '45.37639551', '-80.36108278', '2013-10-22', '2013-10-22', '14:00:00', '02:00:00', 2, 1, 'blades_8.gif', 0, 0, 0),
(1335, 2, 'aPjwIfxb', 'test', '', '', 'Artist', 'Barrie ontario canada', '44.09905929', '-78.48498297', '2013-10-23', '2013-10-23', '15:00:00', '03:00:00', 5, 1, 'blades_8.gif', 0, 0, 0),
(1336, 2, 'LHhHaUIJ', 'test', '', '', 'Artist', 'Barrie ontario canada', '44.58712296', '-79.84844008', '2013-10-24', '2013-10-24', '16:00:00', '04:00:00', 4, 1, 'blades_8.gif', 0, 0, 0),
(1337, 2, 'xkGFkijx', 'test', '', '', 'Artist', 'Barrie ontario canada', '44.27133765', '-78.20499879', '2013-10-25', '2013-10-25', '17:00:00', '05:00:00', 1, 1, 'blades_8.gif', 0, 0, 0),
(1338, 2, 'M  zm  GCUWe', 'test', '', '', 'Artist', 'Barrie ontario canada', '44.78840849', '-78.60332334', '2013-10-26', '2013-10-26', '18:00:00', '06:00:00', 1, 1, 'blades_8.gif', 0, 0, 0),
(1339, 2, 'wbNSgTm  x', 'test', '', '', 'Artist', 'Barrie ontario canada', '44.62020809', '-78.25763989', '2013-10-27', '2013-10-27', '19:00:00', '07:00:00', 3, 1, 'blades_8.gif', 0, 0, 0),
(1340, 2, 'GPlEulRJ', 'test', '', '', 'Artist', 'Barrie ontario canada', '44.1114111', '-77.85761917', '2013-10-28', '2013-10-28', '20:00:00', '08:00:00', 2, 1, 'blades_8.gif', 0, 0, 0),
(1341, 2, 'VICOssLG', 'test', '', '', 'Artist', 'Barrie ontario canada', '44.28369965', '-81.32561827', '2013-10-29', '2013-10-29', '21:00:00', '09:00:00', 1, 1, 'blades_8.gif', 0, 0, 0),
(1342, 2, 'drAGJDNl', 'test', '', '', 'Artist', 'Barrie ontario canada', '43.35626031', '-80.24717892', '2013-10-30', '2013-10-30', '22:00:00', '10:00:00', 3, 1, 'blades_8.gif', 0, 0, 0),
(1343, 2, 'LhuHgFM  W', 'test', '', '', 'Artist', 'Barrie ontario canada', '43.90800023', '-80.70046247', '2013-10-31', '2013-10-31', '23:00:00', '11:00:00', 5, 1, 'blades_8.gif', 0, 0, 0),
(1344, 2, 'BSOwKrCO', 'test', '', '', 'Artist', 'Barrie ontario canada', '44.99074327', '-80.37052526', '2013-11-01', '2013-11-01', '00:00:00', '12:00:00', 5, 1, 'blades_8.gif', 0, 0, 0),
(1345, 2, 'tyoUTKUy', 'test', '', '', 'Artist', 'Barrie ontario canada', '43.4900722', '-78.61554661', '2013-11-02', '2013-11-02', '01:00:00', '13:00:00', 1, 1, 'blades_8.gif', 0, 0, 0),
(1346, 2, 'FJHm  jm  Gz', 'test', '', '', 'Artist', 'Barrie ontario canada', '43.26974281', '-78.7059144', '2013-11-03', '2013-11-03', '02:00:00', '14:00:00', 4, 1, 'blades_8.gif', 0, 0, 0),
(1347, 2, 'FHytBAaw', 'test', '', '', 'Artist', 'Barrie ontario canada', '45.1223134', '-78.82233721', '2013-11-04', '2013-11-04', '03:00:00', '15:00:00', 5, 1, 'blades_8.gif', 0, 0, 0),
(1348, 2, 'nbotguGg', 'test', '', '', 'Artist', 'Barrie ontario canada', '44.95700063', '-80.60710967', '2013-11-05', '2013-11-05', '04:00:00', '16:00:00', 2, 1, 'blades_8.gif', 0, 0, 0),
(1349, 2, 'EIFhM  xeV', 'test', '', '', 'Artist', 'Barrie ontario canada', '44.25252697', '-78.39071497', '2013-11-06', '2013-11-06', '05:00:00', '17:00:00', 1, 1, 'blades_8.gif', 0, 0, 0),
(1350, 2, 'CVeCDpM  W', 'test', '', '', 'Artist', 'Barrie ontario canada', '44.57756977', '-77.87096783', '2013-11-07', '2013-11-07', '06:00:00', '18:00:00', 4, 1, 'blades_8.gif', 0, 0, 0),
(1351, 2, 'DcvcTzNw', 'test', '', '', 'Artist', 'Barrie ontario canada', '45.52203908', '-80.41928486', '2013-11-08', '2013-11-08', '07:00:00', '19:00:00', 3, 1, 'blades_8.gif', 0, 0, 0),
(1352, 2, 'QUibFfDG', 'test', '', '', 'Artist', 'Barrie ontario canada', '44.86665555', '-81.27825135', '2013-11-09', '2013-11-09', '08:00:00', '20:00:00', 4, 1, 'blades_8.gif', 0, 0, 0),
(1353, 2, 'yAim  LdbU', 'test', '', '', 'Artist', 'Barrie ontario canada', '43.39588168', '-78.62118342', '2013-11-10', '2013-11-10', '09:00:00', '21:00:00', 4, 1, 'blades_8.gif', 0, 0, 0),
(1354, 2, 'EnzM  qpAO', 'test', '', '', 'Artist', 'Barrie ontario canada', '44.19665521', '-79.2116593', '2013-11-11', '2013-11-11', '10:00:00', '22:00:00', 1, 1, 'blades_8.gif', 0, 0, 0),
(1355, 2, 'wNFPpadr', 'test', '', '', 'Artist', 'Barrie ontario canada', '45.10006792', '-80.4302424', '2013-11-12', '2013-11-12', '11:00:00', '23:00:00', 2, 1, 'blades_8.gif', 0, 0, 0),
(1356, 2, 'BJUDhUpH', 'test', '', '', 'Artist', 'Barrie ontario canada', '44.70009858', '-78.31872345', '2013-11-13', '2013-11-13', '12:00:00', '00:00:00', 2, 1, 'blades_8.gif', 0, 0, 0),
(1357, 2, 'yxRWm  pOg', 'test', '', '', 'Artist', 'Barrie ontario canada', '44.21124031', '-78.74713597', '2013-11-14', '2013-11-14', '13:00:00', '01:00:00', 2, 1, 'blades_8.gif', 0, 0, 0),
(1358, 2, 'm  QzcHkeL', 'test', '', '', 'Artist', 'Barrie ontario canada', '45.72595989', '-79.56145386', '2013-11-15', '2013-11-15', '14:00:00', '02:00:00', 4, 1, 'blades_8.gif', 0, 0, 0),
(1359, 2, 'DGAHNaDV', 'test', '', '', 'Artist', 'Barrie ontario canada', '44.01323414', '-77.95853995', '2013-11-16', '2013-11-16', '15:00:00', '03:00:00', 1, 1, 'blades_8.gif', 0, 0, 0),
(1360, 2, 'crFgLvSl', 'test', '', '', 'Artist', 'Barrie ontario canada', '44.33577585', '-77.98962977', '2013-11-17', '2013-11-17', '16:00:00', '04:00:00', 5, 1, 'blades_8.gif', 0, 0, 0),
(1361, 2, 'wDEpIDOt', 'test', '', '', 'Artist', 'Barrie ontario canada', '43.26965946', '-79.40179083', '2013-11-18', '2013-11-18', '17:00:00', '05:00:00', 4, 1, 'blades_8.gif', 0, 0, 0),
(1362, 2, 'xiwNEGwn', 'test', '', '', 'Artist', 'Barrie ontario canada', '44.92726959', '-78.4741451', '2013-11-19', '2013-11-19', '18:00:00', '06:00:00', 4, 1, 'blades_8.gif', 0, 0, 0),
(1363, 2, 'ctRjqdrB', 'test', '', '', 'Artist', 'Barrie ontario canada', '45.44699143', '-80.4347975', '2013-11-20', '2013-11-20', '19:00:00', '07:00:00', 4, 1, 'blades_8.gif', 0, 0, 0),
(1364, 2, 'KbTASUbo', 'test', '', '', 'Artist', 'Barrie ontario canada', '44.55060423', '-79.06766511', '2013-11-21', '2013-11-21', '20:00:00', '08:00:00', 5, 1, 'blades_8.gif', 0, 0, 0),
(1365, 2, 'rRurDSJR', 'test', '', '', 'Artist', 'Barrie ontario canada', '44.3275205', '-79.8029506', '2013-11-22', '2013-11-22', '21:00:00', '09:00:00', 2, 1, 'blades_8.gif', 0, 0, 0),
(1366, 2, 'nHEeAtuS', 'test', '', '', 'Artist', 'Barrie ontario canada', '44.35015459', '-81.19839855', '2013-11-23', '2013-11-23', '22:00:00', '10:00:00', 3, 1, 'blades_8.gif', 0, 0, 0),
(1367, 2, 'oIFhNAqb', 'test', '', '', 'Artist', 'Barrie ontario canada', '43.51069603', '-80.81406384', '2013-11-24', '2013-11-24', '23:00:00', '11:00:00', 2, 1, 'blades_8.gif', 0, 0, 0),
(1368, 2, 'jOBshFJI', 'test', '', '', 'Artist', 'Barrie ontario canada', '43.60957532', '-79.93644955', '2013-11-25', '2013-11-25', '00:00:00', '12:00:00', 3, 1, 'blades_8.gif', 0, 0, 0),
(1369, 2, 'qCTRExzh', 'test', '', '', 'Artist', 'Barrie ontario canada', '45.30456342', '-79.95406318', '2013-11-26', '2013-11-26', '01:00:00', '13:00:00', 5, 1, 'blades_8.gif', 0, 0, 0),
(1370, 2, 'jzbCOrqE', 'test', '', '', 'Artist', 'Barrie ontario canada', '43.40097331', '-80.21451275', '2013-11-27', '2013-11-27', '02:00:00', '14:00:00', 3, 1, 'blades_8.gif', 0, 0, 0),
(1371, 2, 'csNPQLkK', 'test', '', '', 'Artist', 'Barrie ontario canada', '45.59977829', '-79.19426343', '2013-11-28', '2013-11-28', '03:00:00', '15:00:00', 3, 1, 'blades_8.gif', 0, 0, 0),
(1372, 2, 'hxUpKJuU', 'test', '', '', 'Artist', 'Barrie ontario canada', '44.34036227', '-80.87100798', '2013-11-29', '2013-11-29', '04:00:00', '16:00:00', 2, 1, 'blades_8.gif', 0, 0, 0),
(1373, 2, 'upoyEEnz', 'test', '', '', 'Artist', 'Barrie ontario canada', '43.99202261', '-81.07876283', '2013-11-30', '2013-11-30', '05:00:00', '17:00:00', 2, 1, 'blades_8.gif', 0, 0, 0),
(1374, 2, 'LnbtPbGi', 'test', '', '', 'Artist', 'Barrie ontario canada', '45.04864355', '-79.32855458', '2013-12-01', '2013-12-01', '06:00:00', '18:00:00', 2, 1, 'blades_8.gif', 0, 0, 0),
(1375, 2, 'RUeBzUic', 'test', '', '', 'Artist', 'Barrie ontario canada', '45.40695681', '-80.24753324', '2013-12-02', '2013-12-02', '07:00:00', '19:00:00', 3, 1, 'blades_8.gif', 0, 0, 0),
(1376, 2, 'HljnM  egr', 'test', '', '', 'Artist', 'Barrie ontario canada', '43.39234105', '-79.81416137', '2013-12-03', '2013-12-03', '08:00:00', '20:00:00', 3, 1, 'blades_8.gif', 0, 0, 0),
(1377, 2, 'uaNbHrJz', 'test', '', '', 'Artist', 'Barrie ontario canada', '44.68162598', '-79.54492717', '2013-12-04', '2013-12-04', '09:00:00', '21:00:00', 5, 1, 'blades_8.gif', 0, 0, 0),
(1378, 2, 'yQPECdDO', 'test', '', '', 'Artist', 'Barrie ontario canada', '43.91884478', '-78.00719036', '2013-12-05', '2013-12-05', '10:00:00', '22:00:00', 3, 1, 'blades_8.gif', 0, 0, 0),
(1379, 2, 'nTNlJTzL', 'test', '', '', 'Artist', 'Barrie ontario canada', '44.7762269', '-79.33760468', '2013-12-06', '2013-12-06', '11:00:00', '23:00:00', 4, 1, 'blades_8.gif', 0, 0, 0),
(1380, 2, 'ohSfNHWT', 'test', '', '', 'Artist', 'Barrie ontario canada', '43.68950726', '-79.31676452', '2013-12-07', '2013-12-07', '12:00:00', '00:00:00', 1, 1, 'blades_8.gif', 0, 0, 0),
(1381, 2, 'FvoiWsTz', 'test', '', '', 'Artist', 'Barrie ontario canada', '44.46763851', '-78.68214841', '2013-12-08', '2013-12-08', '13:00:00', '01:00:00', 1, 1, 'blades_8.gif', 0, 0, 0),
(1382, 2, 'M  syrrFiV', 'test', '', '', 'Artist', 'Barrie ontario canada', '44.20917378', '-78.62388327', '2013-12-09', '2013-12-09', '14:00:00', '02:00:00', 3, 1, 'blades_8.gif', 0, 0, 0),
(1383, 2, 'm  urxstQh', 'test', '', '', 'Artist', 'Barrie ontario canada', '43.62150407', '-80.38209091', '2013-12-10', '2013-12-10', '15:00:00', '03:00:00', 2, 1, 'blades_8.gif', 0, 0, 0),
(1384, 2, 'itzqfDEo', 'test', '', '', 'Artist', 'Barrie ontario canada', '45.04905097', '-80.93810831', '2013-12-11', '2013-12-11', '16:00:00', '04:00:00', 1, 1, 'blades_8.gif', 0, 0, 0),
(1385, 2, 'GugtDM  go', 'test', '', '', 'Artist', 'Barrie ontario canada', '43.7813962', '-80.91726333', '2013-12-12', '2013-12-12', '17:00:00', '05:00:00', 3, 1, 'blades_8.gif', 0, 0, 0),
(1386, 2, 'eCCkrdrA', 'test', '', '', 'Artist', 'Barrie ontario canada', '45.04772548', '-79.14666179', '2013-12-13', '2013-12-13', '18:00:00', '06:00:00', 3, 1, 'blades_8.gif', 0, 0, 0),
(1387, 2, 'EzLkM  ofJ', 'test', '', '', 'Artist', 'Barrie ontario canada', '43.94941301', '-78.07072887', '2013-12-14', '2013-12-14', '19:00:00', '07:00:00', 2, 1, 'blades_8.gif', 0, 0, 0),
(1388, 2, 'lWoyFIAF', 'test', '', '', 'Artist', 'Barrie ontario canada', '45.21574488', '-79.33755675', '2013-12-15', '2013-12-15', '20:00:00', '08:00:00', 3, 1, 'blades_8.gif', 0, 0, 0),
(1389, 2, 'CVdvcQjs', 'test', '', '', 'Artist', 'Barrie ontario canada', '45.52032607', '-78.68722655', '2013-12-16', '2013-12-16', '21:00:00', '09:00:00', 3, 1, 'blades_8.gif', 0, 0, 0),
(1390, 2, 'pugtEQza', 'test', '', '', 'Artist', 'Barrie ontario canada', '44.42365056', '-81.33872423', '2013-12-17', '2013-12-17', '22:00:00', '10:00:00', 5, 1, 'blades_8.gif', 0, 0, 0),
(1391, 2, 'wlPxQUdB', 'test', '', '', 'Artist', 'Barrie ontario canada', '43.27429428', '-79.84342203', '2013-12-18', '2013-12-18', '23:00:00', '11:00:00', 4, 1, 'blades_8.gif', 0, 0, 0),
(1392, 2, 'EsWQrkTd', 'test', '', '', 'Artist', 'Barrie ontario canada', '44.17699775', '-78.05414127', '2013-12-19', '2013-12-19', '00:00:00', '12:00:00', 3, 1, 'blades_8.gif', 0, 0, 0),
(1393, 2, 'AzWqIBHL', 'test', '', '', 'Artist', 'Barrie ontario canada', '44.49909084', '-79.02619981', '2013-12-20', '2013-12-20', '01:00:00', '13:00:00', 5, 1, 'blades_8.gif', 0, 0, 0),
(1394, 2, 'JrEcuQeP', 'test', '', '', 'Artist', 'Barrie ontario canada', '45.02369133', '-80.78688678', '2013-12-21', '2013-12-21', '02:00:00', '14:00:00', 5, 1, 'blades_8.gif', 0, 0, 0),
(1395, 2, 'WugsysuT', 'test', '', '', 'Artist', 'Barrie ontario canada', '44.93444312', '-78.28985952', '2013-12-22', '2013-12-22', '03:00:00', '15:00:00', 1, 1, 'blades_8.gif', 0, 0, 0),
(1396, 2, 'thEHxtBE', 'test', '', '', 'Artist', 'Barrie ontario canada', '45.01634925', '-78.40356879', '2013-12-23', '2013-12-23', '04:00:00', '16:00:00', 5, 1, 'blades_8.gif', 0, 0, 0),
(1397, 2, 'scftGfDG', 'test', '', '', 'Artist', 'Barrie ontario canada', '43.99771607', '-80.59456248', '2013-12-24', '2013-12-24', '05:00:00', '17:00:00', 2, 1, 'blades_8.gif', 0, 0, 0),
(1398, 2, 'zCsgyioW', 'test', '', '', 'Artist', 'Barrie ontario canada', '45.41023094', '-80.41063729', '2013-12-25', '2013-12-25', '06:00:00', '18:00:00', 3, 1, 'blades_8.gif', 0, 0, 0),
(1399, 2, 'duPUjhit', 'test', '', '', 'Artist', 'Barrie ontario canada', '44.36269947', '-77.93849797', '2013-12-26', '2013-12-26', '07:00:00', '19:00:00', 5, 1, 'blades_8.gif', 0, 0, 0),
(1400, 2, 'vcUDfNHW', 'test', '', '', 'Artist', 'Barrie ontario canada', '44.06229031', '-78.82211774', '2013-12-27', '2013-12-27', '08:00:00', '20:00:00', 4, 1, 'blades_8.gif', 0, 0, 0),
(1401, 2, 'QuylGCSP', 'test', '', '', 'Artist', 'Barrie ontario canada', '44.1343902', '-81.33241003', '2013-12-28', '2013-12-28', '09:00:00', '21:00:00', 5, 1, 'blades_8.gif', 0, 0, 0),
(1402, 2, 'zdLDIKDK', 'test', '', '', 'Artist', 'Barrie ontario canada', '43.4831167', '-78.95131003', '2013-12-29', '2013-12-29', '10:00:00', '22:00:00', 4, 1, 'blades_8.gif', 0, 0, 0),
(1403, 2, 'UwzjsoqP', 'test', '', '', 'Artist', 'Barrie ontario canada', '45.08528018', '-78.19191345', '2013-12-30', '2013-12-30', '11:00:00', '23:00:00', 1, 1, 'blades_8.gif', 0, 0, 0),
(1404, 2, 'juAxIfvQ', 'test', '', '', 'Artist', 'Barrie ontario canada', '43.77075601', '-80.67409683', '2013-12-31', '2013-12-31', '12:00:00', '00:00:00', 4, 1, 'blades_8.gif', 0, 0, 0),
(1405, 2, 'bBJUCeFV', 'test', '', '', 'Artist', 'Barrie ontario canada', '45.35529246', '-78.81836596', '2014-01-01', '2014-01-01', '13:00:00', '01:00:00', 2, 1, 'blades_8.gif', 0, 0, 0),
(1406, 2, 'RClskTal', 'test', '', '', 'Artist', 'Barrie ontario canada', '44.72601177', '-80.08097926', '2014-01-02', '2014-01-02', '14:00:00', '02:00:00', 4, 1, 'blades_8.gif', 0, 0, 0),
(1407, 2, 'jjwGTFuj', 'test', '', '', 'Artist', 'Barrie ontario canada', '44.78135934', '-79.29244387', '2014-01-03', '2014-01-03', '15:00:00', '03:00:00', 4, 1, 'blades_8.gif', 0, 0, 0),
(1408, 2, 'IVIEWexg', 'test', '', '', 'Artist', 'Barrie ontario canada', '45.5094388', '-78.68910843', '2014-01-04', '2014-01-04', '16:00:00', '04:00:00', 3, 1, 'blades_8.gif', 0, 0, 0),
(1409, 2, 'lKcVLPVn', 'test', '', '', 'Artist', 'Barrie ontario canada', '43.36638574', '-80.28939485', '2014-01-05', '2014-01-05', '17:00:00', '05:00:00', 3, 1, 'blades_8.gif', 0, 0, 0),
(1410, 2, 'yIaUHEai', 'test', '', '', 'Artist', 'Barrie ontario canada', '44.03884413', '-79.55847502', '2014-01-06', '2014-01-06', '18:00:00', '06:00:00', 1, 1, 'blades_8.gif', 0, 0, 0),
(1411, 2, 'OEFsSwCx', 'test', '', '', 'Artist', 'Barrie ontario canada', '45.4514307', '-80.33812639', '2014-01-07', '2014-01-07', '19:00:00', '07:00:00', 5, 1, 'blades_8.gif', 0, 0, 0),
(1412, 2, 'HTFtdgwU', 'test', '', '', 'Artist', 'Barrie ontario canada', '44.0673234', '-78.67105907', '2014-01-08', '2014-01-08', '20:00:00', '08:00:00', 4, 1, 'blades_8.gif', 0, 0, 0),
(1413, 2, 'oGwofIhE', 'test', '', '', 'Artist', 'Barrie ontario canada', '43.510497', '-78.77989666', '2014-01-09', '2014-01-09', '21:00:00', '09:00:00', 1, 1, 'blades_8.gif', 0, 0, 0),
(1414, 2, 'Gvm  UVVad', 'test', '', '', 'Artist', 'Barrie ontario canada', '44.32584402', '-81.02243392', '2014-01-10', '2014-01-10', '22:00:00', '10:00:00', 4, 1, 'blades_8.gif', 0, 0, 0),
(1415, 2, 'qvlPzeTo', 'test', '', '', 'Artist', 'Barrie ontario canada', '45.36715447', '-80.08725344', '2014-01-11', '2014-01-11', '23:00:00', '11:00:00', 5, 1, 'blades_8.gif', 0, 0, 0),
(1416, 2, 'IHoscgyd', 'test', '', '', 'Artist', 'Barrie ontario canada', '44.1390836', '-79.50325315', '2014-01-12', '2014-01-12', '00:00:00', '12:00:00', 4, 1, 'blades_8.gif', 0, 0, 0),
(1417, 2, 'QgebStps', 'test', '', '', 'Artist', 'Barrie ontario canada', '44.1704681', '-80.6013676', '2014-01-13', '2014-01-13', '01:00:00', '13:00:00', 5, 1, 'blades_8.gif', 0, 0, 0),
(1418, 2, 'UElpTErU', 'test', '', '', 'Artist', 'Barrie ontario canada', '44.79067632', '-80.31337985', '2014-01-14', '2014-01-14', '02:00:00', '14:00:00', 1, 1, 'blades_8.gif', 0, 0, 0),
(1419, 2, 'FuelSPza', 'test', '', '', 'Artist', 'Barrie ontario canada', '43.65681374', '-79.53713255', '2014-01-15', '2014-01-15', '03:00:00', '15:00:00', 5, 1, 'blades_8.gif', 0, 0, 0),
(1420, 2, 'AFBRLkIT', 'test', '', '', 'Artist', 'Barrie ontario canada', '43.65973247', '-78.39600417', '2014-01-16', '2014-01-16', '04:00:00', '16:00:00', 1, 1, 'blades_8.gif', 0, 0, 0),
(1421, 2, 'yLneFULb', 'test', '', '', 'Artist', 'Barrie ontario canada', '44.27940767', '-78.48208158', '2014-01-17', '2014-01-17', '05:00:00', '17:00:00', 3, 1, 'blades_8.gif', 0, 0, 0),
(1422, 2, 'PhkDrVLW', 'test', '', '', 'Artist', 'Barrie ontario canada', '43.92292986', '-78.06586044', '2014-01-18', '2014-01-18', '06:00:00', '18:00:00', 4, 1, 'blades_8.gif', 0, 0, 0),
(1423, 2, 'CTSM  kKaP', 'test', '', '', 'Artist', 'Barrie ontario canada', '43.86130617', '-78.46837713', '2014-01-19', '2014-01-19', '07:00:00', '19:00:00', 1, 1, 'blades_8.gif', 0, 0, 0),
(1424, 2, 'jvCGyydN', 'test', '', '', 'Artist', 'Barrie ontario canada', '44.82423023', '-78.46368319', '2014-01-20', '2014-01-20', '08:00:00', '20:00:00', 2, 1, 'blades_8.gif', 0, 0, 0),
(1425, 2, 'OKjJdiFJ', 'test', '', '', 'Artist', 'Barrie ontario canada', '43.18626886', '-80.4562492', '2014-01-21', '2014-01-21', '09:00:00', '21:00:00', 2, 1, 'blades_8.gif', 0, 0, 0),
(1426, 2, 'GgJhFJJt', 'test', '', '', 'Artist', 'Barrie ontario canada', '43.11330086', '-80.03705163', '2014-01-22', '2014-01-22', '10:00:00', '22:00:00', 1, 1, 'blades_8.gif', 0, 0, 0),
(1427, 2, 'OTjhitym  ', 'test', '', '', 'Artist', 'Barrie ontario canada', '43.85803376', '-80.1793956', '2014-01-23', '2014-01-23', '11:00:00', '23:00:00', 4, 1, 'blades_8.gif', 0, 0, 0),
(1428, 2, 'PuAwFPpd', 'test', '', '', 'Artist', 'Barrie ontario canada', '45.47205742', '-80.60166574', '2014-01-24', '2014-01-24', '12:00:00', '00:00:00', 2, 1, 'blades_8.gif', 0, 0, 0),
(1429, 2, 'rDVWewbK', 'test', '', '', 'Artist', 'Barrie ontario canada', '44.88439947', '-81.30930241', '2014-01-25', '2014-01-25', '13:00:00', '01:00:00', 3, 1, 'blades_8.gif', 0, 0, 0),
(1430, 2, 'GexgkGJB', 'test', '', '', 'Artist', 'Barrie ontario canada', '44.39570741', '-81.10202823', '2014-01-26', '2014-01-26', '14:00:00', '02:00:00', 1, 1, 'blades_8.gif', 0, 0, 0),
(1431, 2, 'FBOxTklB', 'test', '', '', 'Artist', 'Barrie ontario canada', '45.58585682', '-79.06322674', '2014-01-27', '2014-01-27', '15:00:00', '03:00:00', 4, 1, 'blades_8.gif', 0, 0, 0),
(1432, 2, 'eKzpWcps', 'test', '', '', 'Artist', 'Barrie ontario canada', '45.14484948', '-80.75489874', '2014-01-28', '2014-01-28', '16:00:00', '04:00:00', 5, 1, 'blades_8.gif', 0, 0, 0),
(1433, 2, 'VGwogJm  e', 'test', '', '', 'Artist', 'Barrie ontario canada', '43.51600818', '-78.44943843', '2014-01-29', '2014-01-29', '17:00:00', '05:00:00', 3, 1, 'blades_8.gif', 0, 0, 0),
(1434, 2, 'InknIItR', 'test', '', '', 'Artist', 'Barrie ontario canada', '43.91495051', '-78.41889053', '2014-01-30', '2014-01-30', '18:00:00', '06:00:00', 5, 1, 'blades_8.gif', 0, 0, 0),
(1435, 2, 'lzQKjITz', 'test', '', '', 'Artist', 'Barrie ontario canada', '43.52560033', '-78.94023528', '2014-01-31', '2014-01-31', '19:00:00', '07:00:00', 3, 1, 'blades_8.gif', 0, 0, 0),
(1436, 2, 'QLlPzdM  K', 'test', '', '', 'Artist', 'Barrie ontario canada', '43.72401718', '-79.871724', '2014-02-01', '2014-02-01', '20:00:00', '08:00:00', 2, 1, 'blades_8.gif', 0, 0, 0),
(1437, 2, 'rBIQkyOE', 'test', '', '', 'Artist', 'Barrie ontario canada', '45.44141348', '-80.50827758', '2014-02-02', '2014-02-02', '21:00:00', '09:00:00', 5, 1, 'blades_8.gif', 0, 0, 0),
(1438, 2, 'Dkkuxhpf', 'test', '', '', 'Artist', 'Barrie ontario canada', '43.65331059', '-79.77565374', '2014-02-03', '2014-02-03', '22:00:00', '10:00:00', 5, 1, 'blades_8.gif', 0, 0, 0),
(1439, 2, 'DIJxm  NnT', 'test', '', '', 'Artist', 'Barrie ontario canada', '45.36994958', '-78.60459887', '2014-02-04', '2014-02-04', '23:00:00', '11:00:00', 2, 1, 'blades_8.gif', 0, 0, 0),
(1440, 2, 'NoagIgyh', 'test', '', '', 'Artist', 'Barrie ontario canada', '43.3673727', '-79.03815251', '2014-02-05', '2014-02-05', '00:00:00', '12:00:00', 5, 1, 'blades_8.gif', 0, 0, 0),
(1441, 2, 'm  PuAvBAW', 'test', '', '', 'Artist', 'Barrie ontario canada', '44.79062516', '-79.23644971', '2014-02-06', '2014-02-06', '01:00:00', '13:00:00', 4, 1, 'blades_8.gif', 0, 0, 0),
(1442, 2, 'qHvejHQl', 'test', '', '', 'Artist', 'Barrie ontario canada', '43.94772857', '-80.94110545', '2014-02-07', '2014-02-07', '02:00:00', '14:00:00', 5, 1, 'blades_8.gif', 0, 0, 0),
(1443, 2, 'CkpTHDal', 'test', '', '', 'Artist', 'Barrie ontario canada', '44.38695852', '-79.41057927', '2014-02-08', '2014-02-08', '03:00:00', '15:00:00', 2, 1, 'blades_8.gif', 0, 0, 0),
(1444, 2, 'eOM  yfbQk', 'test', '', '', 'Artist', 'Barrie ontario canada', '44.30703811', '-80.93503447', '2014-02-09', '2014-02-09', '04:00:00', '16:00:00', 4, 1, 'blades_8.gif', 0, 0, 0),
(1445, 2, 'yQPEDfM  A', 'test', '', '', 'Artist', 'Barrie ontario canada', '43.96931905', '-80.25107333', '2014-02-10', '2014-02-10', '05:00:00', '17:00:00', 5, 1, 'blades_8.gif', 0, 0, 0),
(1446, 2, 'qfAsm  gSf', 'test', '', '', 'Artist', 'Barrie ontario canada', '44.8448681', '-78.86107816', '2014-02-11', '2014-02-11', '06:00:00', '18:00:00', 2, 1, 'blades_8.gif', 0, 0, 0),
(1447, 2, 'RfPQQJVI', 'test', '', '', 'Artist', 'Barrie ontario canada', '44.61349569', '-78.96774526', '2014-02-12', '2014-02-12', '07:00:00', '19:00:00', 5, 1, 'blades_8.gif', 0, 0, 0),
(1448, 2, 'DSKaOfbN', 'test', '', '', 'Artist', 'Barrie ontario canada', '43.97389326', '-77.96357295', '2014-02-13', '2014-02-13', '08:00:00', '20:00:00', 4, 1, 'blades_8.gif', 0, 0, 0),
(1449, 2, 'VtelRM  jH', 'test', '', '', 'Artist', 'Barrie ontario canada', '45.56938711', '-80.53457553', '2014-02-14', '2014-02-14', '09:00:00', '21:00:00', 4, 1, 'blades_8.gif', 0, 0, 0),
(1450, 2, 'PjsorTzO', 'test', '', '', 'Artist', 'Barrie ontario canada', '44.24509043', '-78.13829807', '2014-02-15', '2014-02-15', '10:00:00', '22:00:00', 3, 1, 'blades_8.gif', 0, 0, 0),
(1451, 2, 'CtolpRxJ', 'test', '', '', 'Artist', 'Barrie ontario canada', '43.08749983', '-79.23187154', '2014-02-16', '2014-02-16', '11:00:00', '23:00:00', 3, 1, 'blades_8.gif', 0, 0, 0),
(1452, 2, 'hEFtaQnN', 'test', '', '', 'Artist', 'Barrie ontario canada', '43.41747343', '-78.92564297', '2014-02-17', '2014-02-17', '12:00:00', '00:00:00', 1, 1, 'blades_8.gif', 0, 0, 0),
(1453, 2, 'kHKFbiKn', 'test', '', '', 'Artist', 'Barrie ontario canada', '44.76991528', '-79.46674002', '2014-02-18', '2014-02-18', '13:00:00', '01:00:00', 2, 1, 'blades_8.gif', 0, 0, 0),
(1454, 2, 'fM  AqfznM  ', 'test', '', '', 'Artist', 'Barrie ontario canada', '43.55665924', '-79.57570106', '2014-02-19', '2014-02-19', '14:00:00', '02:00:00', 3, 1, 'blades_8.gif', 0, 0, 0),
(1455, 2, 'ddgtFblf', 'test', '', '', 'Artist', 'Barrie ontario canada', '43.20101422', '-78.8635062', '2014-02-20', '2014-02-20', '15:00:00', '03:00:00', 2, 1, 'blades_8.gif', 0, 0, 0),
(1456, 2, 'M  DHCOuFU', 'test', '', '', 'Artist', 'Barrie ontario canada', '43.75153334', '-81.04169354', '2014-02-21', '2014-02-21', '16:00:00', '04:00:00', 2, 1, 'blades_8.gif', 0, 0, 0),
(1457, 2, 'NjBm  zSUa', 'test', '', '', 'Artist', 'Barrie ontario canada', '44.07129561', '-77.96498557', '2014-02-22', '2014-02-22', '17:00:00', '05:00:00', 2, 1, 'blades_8.gif', 0, 0, 0),
(1458, 2, 'iQNuFWbk', 'test', '', '', 'Artist', 'Barrie ontario canada', '43.89311458', '-78.35676275', '2014-02-23', '2014-02-23', '18:00:00', '06:00:00', 2, 1, 'blades_8.gif', 0, 0, 0),
(1459, 2, 'TWhOEIEb', 'test', '', '', 'Artist', 'Barrie ontario canada', '44.11415544', '-80.16182464', '2014-02-24', '2014-02-24', '19:00:00', '07:00:00', 2, 1, 'blades_8.gif', 0, 0, 0),
(1460, 2, 'm  kqVRxJj', 'test', '', '', 'Artist', 'Barrie ontario canada', '43.69203828', '-79.11693363', '2014-02-25', '2014-02-25', '20:00:00', '08:00:00', 4, 1, 'blades_8.gif', 0, 0, 0),
(1461, 2, 'PCtm  cyqi', 'test', '', '', 'Artist', 'Barrie ontario canada', '43.4798929', '-79.41122223', '2014-02-26', '2014-02-26', '21:00:00', '09:00:00', 2, 1, 'blades_8.gif', 0, 0, 0),
(1462, 2, 'OHSxFNfi', 'test', '', '', 'Artist', 'Barrie ontario canada', '44.22218544', '-80.72064121', '2014-02-27', '2014-02-27', '22:00:00', '10:00:00', 5, 1, 'blades_8.gif', 0, 0, 0),
(1463, 2, 'xSfM  EJM  J', 'test', '', '', 'Artist', 'Barrie ontario canada', '44.57581116', '-80.82484298', '2014-02-28', '2014-02-28', '23:00:00', '11:00:00', 2, 1, 'blades_8.gif', 0, 0, 0),
(1464, 2, 'm  hUoGwm  S', 'test', '', '', 'Artist', 'Barrie ontario canada', '45.60166836', '-79.03255969', '2014-03-01', '2014-03-01', '00:00:00', '12:00:00', 3, 1, 'blades_8.gif', 0, 0, 0),
(1465, 2, 'M  iyWvlSL', 'test', '', '', 'Artist', 'Barrie ontario canada', '43.37819788', '-78.833717', '2014-03-02', '2014-03-02', '01:00:00', '13:00:00', 1, 1, 'blades_8.gif', 0, 0, 0),
(1466, 2, 'gpm  nDkoN', 'test', '', '', 'Artist', 'Barrie ontario canada', '45.60219247', '-79.21614737', '2014-03-03', '2014-03-03', '02:00:00', '14:00:00', 5, 1, 'blades_8.gif', 0, 0, 0),
(1467, 2, 'fjEBRNsw', 'test', '', '', 'Artist', 'Barrie ontario canada', '44.91295098', '-80.95659093', '2014-03-04', '2014-03-04', '03:00:00', '15:00:00', 1, 1, 'blades_8.gif', 0, 0, 0),
(1468, 2, 'gnam  kqcm  ', 'test', '', '', 'Artist', 'Barrie ontario canada', '45.05429921', '-80.86674939', '2014-03-05', '2014-03-05', '04:00:00', '16:00:00', 1, 1, 'blades_8.gif', 0, 0, 0),
(1469, 2, 'dERAcGfE', 'test', '', '', 'Artist', 'Barrie ontario canada', '44.0077159', '-81.03574898', '2014-03-06', '2014-03-06', '05:00:00', '17:00:00', 5, 1, 'blades_8.gif', 0, 0, 0),
(1470, 2, 'KRilGBQG', 'test', '', '', 'Artist', 'Barrie ontario canada', '44.42006591', '-80.10611381', '2014-03-07', '2014-03-07', '06:00:00', '18:00:00', 1, 1, 'blades_8.gif', 0, 0, 0),
(1471, 2, 'GsQkwEJN', 'test', '', '', 'Artist', 'Barrie ontario canada', '43.81597599', '-80.42795395', '2014-03-08', '2014-03-08', '07:00:00', '19:00:00', 4, 1, 'blades_8.gif', 0, 0, 0),
(1472, 2, 'OLokktqz', 'test', '', '', 'Artist', 'Barrie ontario canada', '45.14909952', '-79.27304795', '2014-03-09', '2014-03-09', '08:00:00', '20:00:00', 5, 1, 'blades_8.gif', 0, 0, 0),
(1473, 2, 'DtkRNqnq', 'test', '', '', 'Artist', 'Barrie ontario canada', '43.69838856', '-79.85903111', '2014-03-10', '2014-03-10', '09:00:00', '21:00:00', 1, 1, 'blades_8.gif', 0, 0, 0),
(1474, 2, 'RvBwFM  WC', 'test', '', '', 'Artist', 'Barrie ontario canada', '43.51226825', '-80.72545587', '2014-03-11', '2014-03-11', '10:00:00', '22:00:00', 2, 1, 'blades_8.gif', 0, 0, 0),
(1475, 2, 'TUUTM  gm  U', 'test', '', '', 'Artist', 'Barrie ontario canada', '44.73482656', '-79.32826861', '2014-03-12', '2014-03-12', '11:00:00', '23:00:00', 4, 1, 'blades_8.gif', 0, 0, 0),
(1476, 2, 'UUPstQdN', 'test', '', '', 'Artist', 'Barrie ontario canada', '44.28269849', '-81.36097844', '2014-03-13', '2014-03-13', '12:00:00', '00:00:00', 1, 1, 'blades_8.gif', 0, 0, 0),
(1477, 2, 'PM  szwKpt', 'test', '', '', 'Artist', 'Barrie ontario canada', '44.74195225', '-80.77408672', '2014-03-14', '2014-03-14', '13:00:00', '01:00:00', 5, 1, 'blades_8.gif', 0, 0, 0),
(1478, 2, 'WKLEM  bQj', 'test', '', '', 'Artist', 'Barrie ontario canada', '43.81307313', '-80.19869511', '2014-03-15', '2014-03-15', '14:00:00', '02:00:00', 1, 1, 'blades_8.gif', 0, 0, 0),
(1479, 2, 'uym  JTtlV', 'test', '', '', 'Artist', 'Barrie ontario canada', '45.53215201', '-80.65706681', '2014-03-16', '2014-03-16', '15:00:00', '03:00:00', 3, 1, 'blades_8.gif', 0, 0, 0),
(1480, 2, 'hQQJWOis', 'test', '', '', 'Artist', 'Barrie ontario canada', '43.61940947', '-78.56233916', '2014-03-17', '2014-03-17', '16:00:00', '04:00:00', 2, 1, 'blades_8.gif', 0, 0, 0),
(1481, 2, 'tQeQdJuS', 'test', '', '', 'Artist', 'Barrie ontario canada', '43.31152843', '-79.06167099', '2014-03-18', '2014-03-18', '17:00:00', '05:00:00', 1, 1, 'blades_8.gif', 0, 0, 0),
(1482, 2, 'nGxtBClt', 'test', '', '', 'Artist', 'Barrie ontario canada', '44.11100796', '-79.28721365', '2014-03-19', '2014-03-19', '18:00:00', '06:00:00', 3, 1, 'blades_8.gif', 0, 0, 0),
(1483, 2, 'opIBHIzx', 'test', '', '', 'Artist', 'Barrie ontario canada', '45.10044481', '-79.35626137', '2014-03-20', '2014-03-20', '19:00:00', '07:00:00', 2, 1, 'blades_8.gif', 0, 0, 0),
(1484, 2, 'PKm  VfEKT', 'test', '', '', 'Artist', 'Barrie ontario canada', '44.61115732', '-77.97062102', '2014-03-21', '2014-03-21', '20:00:00', '08:00:00', 2, 1, 'blades_8.gif', 0, 0, 0),
(1485, 2, 'rcfwVvne', 'test', '', '', 'Artist', 'Barrie ontario canada', '44.1464144', '-78.47077586', '2014-03-22', '2014-03-22', '21:00:00', '09:00:00', 1, 1, 'blades_8.gif', 0, 0, 0),
(1486, 2, 'FUNjBlyN', 'test', '', '', 'Artist', 'Barrie ontario canada', '44.74727077', '-81.1990176', '2014-03-23', '2014-03-23', '22:00:00', '10:00:00', 3, 1, 'blades_8.gif', 0, 0, 0),
(1487, 2, 'zkyOFLSl', 'test', '', '', 'Artist', 'Barrie ontario canada', '44.27959455', '-80.56537448', '2014-03-24', '2014-03-24', '23:00:00', '11:00:00', 2, 1, 'blades_8.gif', 0, 0, 0),
(1488, 2, 'xHVLUwuJ', 'test', '', '', 'Artist', 'Barrie ontario canada', '45.1621126', '-79.93390898', '2014-03-25', '2014-03-25', '00:00:00', '12:00:00', 2, 1, 'blades_8.gif', 0, 0, 0),
(1489, 2, 'tOSdGexd', 'test', '', '', 'Artist', 'Barrie ontario canada', '45.1716453', '-81.05793254', '2014-03-26', '2014-03-26', '01:00:00', '13:00:00', 1, 1, 'blades_8.gif', 0, 0, 0),
(1490, 2, 'TwxbHrLK', 'test', '', '', 'Artist', 'Barrie ontario canada', '44.06206631', '-79.83412408', '2014-03-27', '2014-03-27', '02:00:00', '14:00:00', 3, 1, 'blades_8.gif', 0, 0, 0),
(1491, 2, 'tKBBgTpK', 'test', '', '', 'Artist', 'Barrie ontario canada', '44.4644871', '-80.14430238', '2014-03-28', '2014-03-28', '03:00:00', '15:00:00', 3, 1, 'blades_8.gif', 0, 0, 0),
(1492, 2, 'KBAaufm  V', 'test', '', '', 'Artist', 'Barrie ontario canada', '44.77194809', '-78.13167816', '2014-03-29', '2014-03-29', '04:00:00', '16:00:00', 3, 1, 'blades_8.gif', 0, 0, 0),
(1493, 2, 'eBAVm  raa', 'test', '', '', 'Artist', 'Barrie ontario canada', '45.32943453', '-78.53100534', '2014-03-30', '2014-03-30', '05:00:00', '17:00:00', 4, 1, 'blades_8.gif', 0, 0, 0),
(1494, 2, 'abfwaDcu', 'test', '', '', 'Artist', 'Barrie ontario canada', '44.96966039', '-77.98927604', '2014-03-31', '2014-03-31', '06:00:00', '18:00:00', 3, 1, 'blades_8.gif', 0, 0, 0),
(1495, 2, 'TuqsStlW', 'test', '', '', 'Artist', 'Barrie ontario canada', '44.33809687', '-77.82016066', '2014-04-01', '2014-04-01', '07:00:00', '19:00:00', 3, 1, 'blades_8.gif', 0, 0, 0),
(1496, 2, 'nrVM  aHtV', 'test', '', '', 'Artist', 'Barrie ontario canada', '43.93280191', '-81.12031107', '2014-04-02', '2014-04-02', '08:00:00', '20:00:00', 5, 1, 'blades_8.gif', 0, 0, 0),
(1497, 2, 'GqLKylHG', 'test', '', '', 'Artist', 'Barrie ontario canada', '45.09791407', '-78.95769898', '2014-04-03', '2014-04-03', '09:00:00', '21:00:00', 1, 1, 'blades_8.gif', 0, 0, 0),
(1498, 2, 'qHrLIorR', 'test', '', '', 'Artist', 'Barrie ontario canada', '44.88620387', '-78.79510487', '2014-04-04', '2014-04-04', '10:00:00', '22:00:00', 4, 1, 'blades_8.gif', 0, 0, 0),
(1499, 2, 'qbjOBrdp', 'test', '', '', 'Artist', 'Barrie ontario canada', '44.51523126', '-80.73241026', '2014-04-05', '2014-04-05', '11:00:00', '23:00:00', 1, 1, 'blades_8.gif', 0, 0, 0),
(1500, 2, 'pEjeRjm  I', 'test', '', '', 'Artist', 'Barrie ontario canada', '43.22415408', '-80.42812107', '2014-04-06', '2014-04-06', '12:00:00', '00:00:00', 4, 1, 'blades_8.gif', 0, 0, 0),
(1501, 2, 'JBGBOwOL', 'test', '', '', 'Artist', 'Barrie ontario canada', '43.39844076', '-80.50066238', '2014-04-07', '2014-04-07', '13:00:00', '01:00:00', 5, 1, 'blades_8.gif', 0, 0, 0),
(1502, 2, 'poyDyJdm  ', 'test', '', '', 'Artist', 'Barrie ontario canada', '44.21432895', '-79.71009637', '2014-04-08', '2014-04-08', '14:00:00', '02:00:00', 4, 1, 'blades_8.gif', 0, 0, 0),
(1503, 2, 'buWHxpgJ', 'test', '', '', 'Artist', 'Barrie ontario canada', '44.95451617', '-78.62862453', '2014-04-09', '2014-04-09', '15:00:00', '03:00:00', 4, 1, 'blades_8.gif', 0, 0, 0),
(1504, 2, 'm  fLzoUPu', 'test', '', '', 'Artist', 'Barrie ontario canada', '44.89255505', '-80.8216472', '2014-04-10', '2014-04-10', '16:00:00', '04:00:00', 4, 1, 'blades_8.gif', 0, 0, 0),
(1505, 2, 'zsqBKfm  V', 'test', '', '', 'Artist', 'Barrie ontario canada', '43.93832816', '-79.68124978', '2014-04-11', '2014-04-11', '17:00:00', '05:00:00', 3, 1, 'blades_8.gif', 0, 0, 0),
(1506, 2, 'eynSGEfI', 'test', '', '', 'Artist', 'Barrie ontario canada', '43.5264992', '-78.8251631', '2014-04-12', '2014-04-12', '18:00:00', '06:00:00', 4, 1, 'blades_8.gif', 0, 0, 0),
(1507, 2, 'hFNdTvuM  ', 'test', '', '', 'Artist', 'Barrie ontario canada', '44.91234071', '-78.57344369', '2014-04-13', '2014-04-13', '19:00:00', '07:00:00', 3, 1, 'blades_8.gif', 0, 0, 0),
(1508, 2, 'FQvCDlrg', 'test', '', '', 'Artist', 'Barrie ontario canada', '44.55478802', '-80.71776607', '2014-04-14', '2014-04-14', '20:00:00', '08:00:00', 3, 1, 'blades_8.gif', 0, 0, 0),
(1509, 2, 'DBbwlLgr', 'test', '', '', 'Artist', 'Barrie ontario canada', '45.22046736', '-78.66723062', '2014-04-15', '2014-04-15', '21:00:00', '09:00:00', 1, 1, 'blades_8.gif', 0, 0, 0),
(1510, 2, 'rM  M  CCfOM  ', 'test', '', '', 'Artist', 'Barrie ontario canada', '43.46968702', '-78.37438307', '2014-04-16', '2014-04-16', '22:00:00', '10:00:00', 5, 1, 'blades_8.gif', 0, 0, 0),
(1511, 2, 'wVuiECdD', 'test', '', '', 'Artist', 'Barrie ontario canada', '43.72814862', '-79.16068832', '2014-04-17', '2014-04-17', '23:00:00', '11:00:00', 5, 1, 'blades_8.gif', 0, 0, 0),
(1512, 2, 'NlKaOcPb', 'test', '', '', 'Artist', 'Barrie ontario canada', '44.18441785', '-78.54494734', '2014-04-18', '2014-04-18', '00:00:00', '12:00:00', 4, 1, 'blades_8.gif', 0, 0, 0),
(1513, 2, 'GjWqJCM  j', 'test', '', '', 'Artist', 'Barrie ontario canada', '44.6674856', '-78.64475225', '2014-04-19', '2014-04-19', '01:00:00', '13:00:00', 2, 1, 'blades_8.gif', 0, 0, 0),
(1514, 2, 'CoM  WDeDM  ', 'test', '', '', 'Artist', 'Barrie ontario canada', '43.60905439', '-79.03727105', '2014-04-20', '2014-04-20', '02:00:00', '14:00:00', 4, 1, 'blades_8.gif', 0, 0, 0),
(1515, 2, 'fjFFpCao', 'test', '', '', 'Artist', 'Barrie ontario canada', '45.48177154', '-80.29429954', '2014-04-21', '2014-04-21', '03:00:00', '15:00:00', 2, 1, 'blades_8.gif', 0, 0, 0),
(1516, 2, 'ukPAikDq', 'test', '', '', 'Artist', 'Barrie ontario canada', '44.44440059', '-79.63201331', '2014-04-22', '2014-04-22', '04:00:00', '16:00:00', 5, 1, 'blades_8.gif', 0, 0, 0),
(1517, 2, 'SyNAlDoI', 'test', '', '', 'Artist', 'Barrie ontario canada', '43.26293227', '-80.07668731', '2014-04-23', '2014-04-23', '05:00:00', '17:00:00', 4, 1, 'blades_8.gif', 0, 0, 0),
(1518, 2, 'EWfCDm  wz', 'test', '', '', 'Artist', 'Barrie ontario canada', '45.17528061', '-78.28434064', '2014-04-24', '2014-04-24', '06:00:00', '18:00:00', 3, 1, 'blades_8.gif', 0, 0, 0),
(1519, 2, 'm  IJzxM  zk', 'test', '', '', 'Artist', 'Barrie ontario canada', '43.54624343', '-80.37677341', '2014-04-25', '2014-04-25', '07:00:00', '19:00:00', 3, 1, 'blades_8.gif', 0, 0, 0),
(1520, 2, 'yRVfIhEI', 'test', '', '', 'Artist', 'Barrie ontario canada', '43.16895672', '-79.79242947', '2014-04-26', '2014-04-26', '08:00:00', '20:00:00', 2, 1, 'blades_8.gif', 0, 0, 0),
(1521, 2, 'GhOEFsVG', 'test', '', '', 'Artist', 'Barrie ontario canada', '43.72216163', '-81.31609049', '2014-04-27', '2014-04-27', '09:00:00', '21:00:00', 5, 1, 'blades_8.gif', 0, 0, 0),
(1522, 2, 'ufoiVoBT', 'test', '', '', 'Artist', 'Barrie ontario canada', '43.92758379', '-78.59038308', '2014-04-28', '2014-04-28', '10:00:00', '22:00:00', 5, 1, 'blades_8.gif', 0, 0, 0),
(1523, 2, 'UajSTUWc', 'test', '', '', 'Artist', 'Barrie ontario canada', '43.9721088', '-81.07745446', '2014-04-29', '2014-04-29', '11:00:00', '23:00:00', 4, 1, 'blades_8.gif', 0, 0, 0),
(1524, 2, 'nm  xFJHno', 'test', '', '', 'Artist', 'Barrie ontario canada', '44.77207268', '-79.456162', '2014-04-30', '2014-04-30', '12:00:00', '00:00:00', 3, 1, 'blades_8.gif', 0, 0, 0),
(1525, 2, 'GwnctPWx', 'test', '', '', 'Artist', 'Barrie ontario canada', '43.4680518', '-80.10138061', '2014-05-01', '2014-05-01', '13:00:00', '01:00:00', 3, 1, 'blades_8.gif', 0, 0, 0),
(1526, 2, 'rtTuqsTA', 'test', '', '', 'Artist', 'Barrie ontario canada', '45.62150479', '-79.45036601', '2014-05-02', '2014-05-02', '14:00:00', '02:00:00', 4, 1, 'blades_8.gif', 0, 0, 0),
(1527, 2, 'PHNbIxkH', 'test', '', '', 'Artist', 'Barrie ontario canada', '43.52467002', '-79.49230318', '2014-05-03', '2014-05-03', '15:00:00', '03:00:00', 5, 1, 'blades_8.gif', 0, 0, 0),
(1528, 2, 'LLBxIequ', 'test', '', '', 'Artist', 'Barrie ontario canada', '45.01825916', '-78.07487782', '2014-05-04', '2014-05-04', '16:00:00', '04:00:00', 4, 1, 'blades_8.gif', 0, 0, 0),
(1529, 2, 'dem  bsOUn', 'test', '', '', 'Artist', 'Barrie ontario canada', '43.84684697', '-80.52186172', '2014-05-05', '2014-05-05', '17:00:00', '05:00:00', 2, 1, 'blades_8.gif', 0, 0, 0),
(1530, 2, 'zOAlzUhS', 'test', '', '', 'Artist', 'Barrie ontario canada', '43.90055737', '-81.29858798', '2014-05-06', '2014-05-06', '18:00:00', '06:00:00', 1, 1, 'blades_8.gif', 0, 0, 0),
(1531, 2, 'gRcEVUOo', 'test', '', '', 'Artist', 'Barrie ontario canada', '45.35455294', '-79.0745427', '2014-05-07', '2014-05-07', '19:00:00', '07:00:00', 2, 1, 'blades_8.gif', 0, 0, 0),
(1532, 2, 'afDFsbUG', 'test', '', '', 'Artist', 'Barrie ontario canada', '44.52574916', '-80.30618966', '2014-05-08', '2014-05-08', '20:00:00', '08:00:00', 2, 1, 'blades_8.gif', 0, 0, 0),
(1533, 2, 'xsxkIOcM  ', 'test', '', '', 'Artist', 'Barrie ontario canada', '43.62705418', '-80.65049446', '2014-05-09', '2014-05-09', '21:00:00', '09:00:00', 3, 1, 'blades_8.gif', 0, 0, 0),
(1534, 2, 'LyhnTM  ht', 'test', '', '', 'Artist', 'Barrie ontario canada', '43.91200252', '-78.21496242', '2014-05-10', '2014-05-10', '22:00:00', '10:00:00', 3, 1, 'blades_8.gif', 0, 0, 0),
(1535, 2, 'BBhdUwxW', 'test', '', '', 'Artist', 'Barrie ontario canada', '44.76980669', '-78.44676517', '2014-05-11', '2014-05-11', '23:00:00', '11:00:00', 5, 1, 'blades_8.gif', 0, 0, 0),
(1536, 2, 'AHPipdrF', 'test', '', '', 'Artist', 'Barrie ontario canada', '43.65898049', '-81.1756729', '2014-05-12', '2014-05-12', '00:00:00', '12:00:00', 1, 1, 'blades_8.gif', 0, 0, 0),
(1537, 2, 'eCBgUpJI', 'test', '', '', 'Artist', 'Barrie ontario canada', '43.72902089', '-81.16719461', '2014-05-13', '2014-05-13', '01:00:00', '13:00:00', 3, 1, 'blades_8.gif', 0, 0, 0),
(1538, 2, 'oujITBby', 'test', '', '', 'Artist', 'Barrie ontario canada', '44.07643199', '-78.77549517', '2014-05-14', '2014-05-14', '02:00:00', '14:00:00', 3, 1, 'blades_8.gif', 0, 0, 0),
(1539, 2, 'qjWqLKxh', 'test', '', '', 'Artist', 'Barrie ontario canada', '44.47326349', '-79.8338369', '2014-05-15', '2014-05-15', '03:00:00', '15:00:00', 4, 1, 'blades_8.gif', 0, 0, 0),
(1540, 2, 'nVbkaucV', 'test', '', '', 'Artist', 'Barrie ontario canada', '44.26623196', '-79.62255217', '2014-05-16', '2014-05-16', '04:00:00', '16:00:00', 3, 1, 'blades_8.gif', 0, 0, 0),
(1541, 2, 'JHlhbHpD', 'test', '', '', 'Artist', 'Barrie ontario canada', '44.85786837', '-79.67905694', '2014-05-17', '2014-05-17', '05:00:00', '17:00:00', 1, 1, 'blades_8.gif', 0, 0, 0),
(1542, 2, 'WhM  yeWGs', 'test', '', '', 'Artist', 'Barrie ontario canada', '43.74934318', '-80.61393929', '2014-05-18', '2014-05-18', '06:00:00', '18:00:00', 3, 1, 'blades_8.gif', 0, 0, 0),
(1543, 2, 'TvwWDVeA', 'test', '', '', 'Artist', 'Barrie ontario canada', '44.37796647', '-80.13572737', '2014-05-19', '2014-05-19', '07:00:00', '19:00:00', 3, 1, 'blades_8.gif', 0, 0, 0),
(1544, 2, 'vAvAsm  id', 'test', '', '', 'Artist', 'Barrie ontario canada', '44.8810608', '-78.91214952', '2014-05-20', '2014-05-20', '08:00:00', '20:00:00', 2, 1, 'blades_8.gif', 0, 0, 0),
(1545, 2, 'PbCQCpPo', 'test', '', '', 'Artist', 'Barrie ontario canada', '44.58510618', '-79.18985395', '2014-05-21', '2014-05-21', '09:00:00', '21:00:00', 1, 1, 'blades_8.gif', 0, 0, 0),
(1546, 2, 'UQwIiJen', 'test', '', '', 'Artist', 'Barrie ontario canada', '43.14487057', '-78.98777028', '2014-05-22', '2014-05-22', '10:00:00', '22:00:00', 3, 1, 'blades_8.gif', 0, 0, 0),
(1547, 2, 'fKsFeCBd', 'test', '', '', 'Artist', 'Barrie ontario canada', '45.30683747', '-80.88859687', '2014-05-23', '2014-05-23', '11:00:00', '23:00:00', 4, 1, 'blades_8.gif', 0, 0, 0),
(1548, 2, 'Fcnm  vvQc', 'test', '', '', 'Artist', 'Barrie ontario canada', '43.77147255', '-79.01257679', '2014-05-24', '2014-05-24', '12:00:00', '00:00:00', 2, 1, 'blades_8.gif', 0, 0, 0),
(1549, 2, 'EahKlUdv', 'test', '', '', 'Artist', 'Barrie ontario canada', '44.02315423', '-77.91689234', '2014-05-25', '2014-05-25', '13:00:00', '01:00:00', 5, 1, 'blades_8.gif', 0, 0, 0),
(1550, 2, 'cUDfLAqe', 'test', '', '', 'Artist', 'Barrie ontario canada', '44.17956657', '-79.47410511', '2014-05-26', '2014-05-26', '14:00:00', '02:00:00', 3, 1, 'blades_8.gif', 0, 0, 0),
(1551, 2, 'tLGWTJOT', 'test', '', '', 'Artist', 'Barrie ontario canada', '45.53784393', '-80.28873122', '2014-05-27', '2014-05-27', '15:00:00', '03:00:00', 1, 1, 'blades_8.gif', 0, 0, 0),
(1552, 2, 'hWyBpRxK', 'test', '', '', 'Artist', 'Barrie ontario canada', '43.33098425', '-80.18041743', '2014-05-28', '2014-05-28', '16:00:00', '04:00:00', 4, 1, 'blades_8.gif', 0, 0, 0),
(1553, 2, 'ppDdAwJm  ', 'test', '', '', 'Artist', 'Barrie ontario canada', '44.91095388', '-78.49372982', '2014-05-29', '2014-05-29', '17:00:00', '05:00:00', 5, 1, 'blades_8.gif', 0, 0, 0),
(1554, 2, 'eGexdTuo', 'test', '', '', 'Artist', 'Barrie ontario canada', '44.26317099', '-78.65942749', '2014-05-30', '2014-05-30', '18:00:00', '06:00:00', 3, 1, 'blades_8.gif', 0, 0, 0),
(1555, 2, 'm  uojgaJC', 'test', '', '', 'Artist', 'Barrie ontario canada', '44.07592391', '-79.13050452', '2014-05-31', '2014-05-31', '19:00:00', '07:00:00', 5, 1, 'blades_8.gif', 0, 0, 0),
(1556, 2, 'ILJsFfGV', 'test', '', '', 'Artist', 'Barrie ontario canada', '44.38186824', '-80.5843047', '2014-06-01', '2014-06-01', '20:00:00', '08:00:00', 5, 1, 'blades_8.gif', 0, 0, 0),
(1557, 2, 'OnRCm  BWn', 'test', '', '', 'Artist', 'Barrie ontario canada', '45.49195662', '-79.49569813', '2014-06-02', '2014-06-02', '21:00:00', '09:00:00', 1, 1, 'blades_8.gif', 0, 0, 0),
(1558, 2, 'sftEUSHI', 'test', '', '', 'Artist', 'Barrie ontario canada', '43.88933651', '-78.07819101', '2014-06-03', '2014-06-03', '22:00:00', '10:00:00', 5, 1, 'blades_8.gif', 0, 0, 0),
(1559, 2, 'wizdLGab', 'test', '', '', 'Artist', 'Barrie ontario canada', '44.80217709', '-80.77157697', '2014-06-04', '2014-06-04', '23:00:00', '11:00:00', 4, 1, 'blades_8.gif', 0, 0, 0),
(1560, 2, 'gAqclarK', 'test', '', '', 'Artist', 'Barrie ontario canada', '44.84247039', '-78.49197794', '2014-06-05', '2014-06-05', '00:00:00', '12:00:00', 2, 1, 'blades_8.gif', 0, 0, 0),
(1561, 2, 'HiPJccer', 'test', '', '', 'Artist', 'Barrie ontario canada', '43.98381694', '-78.22793255', '2014-06-06', '2014-06-06', '01:00:00', '13:00:00', 2, 1, 'blades_8.gif', 0, 0, 0),
(1562, 2, 'zwNGQqev', 'test', '', '', 'Artist', 'Barrie ontario canada', '45.10102271', '-80.73519668', '2014-06-07', '2014-06-07', '02:00:00', '14:00:00', 3, 1, 'blades_8.gif', 0, 0, 0),
(1563, 2, 'TqQpWbkS', 'test', '', '', 'Artist', 'Barrie ontario canada', '45.02763866', '-78.1599958', '2014-06-08', '2014-06-08', '03:00:00', '15:00:00', 1, 1, 'blades_8.gif', 0, 0, 0),
(1564, 2, 'VeyoTM  hr', 'test', '', '', 'Artist', 'Barrie ontario canada', '43.46087888', '-79.781287', '2014-06-09', '2014-06-09', '04:00:00', '16:00:00', 2, 1, 'blades_8.gif', 0, 0, 0),
(1565, 2, 'sM  PPIWPn', 'test', '', '', 'Artist', 'Barrie ontario canada', '44.55421652', '-80.55692703', '2014-06-10', '2014-06-10', '05:00:00', '17:00:00', 4, 1, 'blades_8.gif', 0, 0, 0),
(1566, 2, 'PtwdbSxG', 'test', '', '', 'Artist', 'Barrie ontario canada', '44.60660572', '-79.54446438', '2014-06-11', '2014-06-11', '06:00:00', '18:00:00', 4, 1, 'blades_8.gif', 0, 0, 0);
INSERT INTO `tbl_events` (`event_id`, `user_id`, `event_title`, `event_description`, `event_website`, `event_tickets`, `event_creator_type`, `event_location`, `event_lat`, `event_lon`, `event_start_date`, `event_end_date`, `event_start_time`, `event_end_time`, `event_cat`, `event_sub_cat`, `event_image`, `event_min_age`, `event_type`, `event_claim`) VALUES
(1567, 2, 'QspsaQqf', 'test', '', '', 'Artist', 'Barrie ontario canada', '43.46187867', '-78.58997236', '2014-06-12', '2014-06-12', '07:00:00', '19:00:00', 3, 1, 'blades_8.gif', 0, 0, 0),
(1568, 2, 'yjuBBgUr', 'test', '', '', 'Artist', 'Barrie ontario canada', '44.9348712', '-79.41009404', '2014-06-13', '2014-06-13', '08:00:00', '20:00:00', 1, 1, 'blades_8.gif', 0, 0, 0),
(1569, 2, 'UFuiBpTG', 'test', '', '', 'Artist', 'Barrie ontario canada', '44.74004151', '-81.26527848', '2014-06-14', '2014-06-14', '09:00:00', '21:00:00', 2, 1, 'blades_8.gif', 0, 0, 0),
(1570, 2, 'AJaRslbu', 'test', '', '', 'Artist', 'Barrie ontario canada', '43.73121219', '-79.43767293', '2014-06-15', '2014-06-15', '10:00:00', '22:00:00', 2, 1, 'blades_8.gif', 0, 0, 0),
(1571, 2, 'bTBWlluw', 'test', '', '', 'Artist', 'Barrie ontario canada', '43.3990958', '-80.31109411', '2014-06-16', '2014-06-16', '11:00:00', '23:00:00', 1, 1, 'blades_8.gif', 0, 0, 0),
(1572, 2, 'bJBDsdjN', 'test', '', '', 'Artist', 'Barrie ontario canada', '45.24932717', '-79.54134115', '2014-06-17', '2014-06-17', '12:00:00', '00:00:00', 5, 1, 'blades_8.gif', 0, 0, 0),
(1573, 2, 'uFWaesHl', 'test', '', '', 'Artist', 'Barrie ontario canada', '43.39477651', '-79.77141087', '2014-06-18', '2014-06-18', '13:00:00', '01:00:00', 1, 1, 'blades_8.gif', 0, 0, 0),
(1574, 2, 'gUsWOirp', 'test', '', '', 'Artist', 'Barrie ontario canada', '45.55191491', '-79.52716341', '2014-06-19', '2014-06-19', '14:00:00', '02:00:00', 4, 1, 'blades_8.gif', 0, 0, 0),
(1575, 2, 'xuGcorQo', 'test', '', '', 'Artist', 'Barrie ontario canada', '45.13680148', '-80.49225711', '2014-06-20', '2014-06-20', '15:00:00', '03:00:00', 3, 1, 'blades_8.gif', 0, 0, 0),
(1576, 2, 'PspwrubQ', 'test', '', '', 'Artist', 'Barrie ontario canada', '44.98083485', '-79.31720997', '2014-06-21', '2014-06-21', '16:00:00', '04:00:00', 5, 1, 'blades_8.gif', 0, 0, 0),
(1577, 2, 'm  FwuGevT', 'test', '', '', 'Artist', 'Barrie ontario canada', '43.15511594', '-79.85935198', '2014-06-22', '2014-06-22', '17:00:00', '05:00:00', 4, 1, 'blades_8.gif', 0, 0, 0),
(1578, 2, 'nGyxThbF', 'test', '', '', 'Artist', 'Barrie ontario canada', '45.27161466', '-80.03165768', '2014-06-23', '2014-06-23', '18:00:00', '06:00:00', 1, 1, 'blades_8.gif', 0, 0, 0),
(1579, 2, 'fFTHGjcF', 'test', '', '', 'Artist', 'Barrie ontario canada', '44.5686155', '-80.10279969', '2014-06-24', '2014-06-24', '19:00:00', '07:00:00', 5, 1, 'blades_8.gif', 0, 0, 0),
(1580, 2, 'cqBM  kKbV', 'test', '', '', 'Artist', 'Barrie ontario canada', '45.3632255', '-78.48121382', '2014-06-25', '2014-06-25', '20:00:00', '08:00:00', 5, 1, 'blades_8.gif', 0, 0, 0),
(1581, 2, 'IDTNm  QCn', 'test', '', '', 'Artist', 'Barrie ontario canada', '45.27528694', '-78.65642513', '2014-06-26', '2014-06-26', '21:00:00', '09:00:00', 3, 1, 'blades_8.gif', 0, 0, 0),
(1582, 2, 'FuhAkxJl', 'test', '', '', 'Artist', 'Barrie ontario canada', '45.11305404', '-78.35579664', '2014-06-27', '2014-06-27', '22:00:00', '10:00:00', 1, 1, 'blades_8.gif', 0, 0, 0),
(1583, 2, 'Uam  krdpt', 'test', '', '', 'Artist', 'Barrie ontario canada', '43.26741615', '-79.32947528', '2014-06-28', '2014-06-28', '23:00:00', '11:00:00', 5, 1, 'blades_8.gif', 0, 0, 0),
(1584, 2, 'caQsleIn', 'test', '', '', 'Artist', 'Barrie ontario canada', '45.06857882', '-81.16792935', '2014-06-29', '2014-06-29', '00:00:00', '12:00:00', 3, 1, 'blades_8.gif', 0, 0, 0),
(1585, 2, 'nCasNTjk', 'test', '', '', 'Artist', 'Barrie ontario canada', '45.53491514', '-79.81076845', '2014-06-30', '2014-06-30', '01:00:00', '13:00:00', 2, 1, 'blades_8.gif', 0, 0, 0),
(1586, 2, 'wEM  cQipc', 'test', '', '', 'Artist', 'Barrie ontario canada', '45.30167767', '-78.63363239', '2014-07-01', '2014-07-01', '02:00:00', '14:00:00', 1, 1, 'blades_8.gif', 0, 0, 0),
(1587, 2, 'orRpUNit', 'test', '', '', 'Artist', 'Barrie ontario canada', '44.102159', '-78.41795703', '2014-07-02', '2014-07-02', '03:00:00', '15:00:00', 5, 1, 'blades_8.gif', 0, 0, 0),
(1588, 2, 'AzVpEjfV', 'test', '', '', 'Artist', 'Barrie ontario canada', '43.80744054', '-79.97746647', '2014-07-03', '2014-07-03', '04:00:00', '16:00:00', 1, 1, 'blades_8.gif', 0, 0, 0),
(1589, 2, 'AM  piWrRo', 'test', '', '', 'Artist', 'Barrie ontario canada', '44.01225779', '-79.10243695', '2014-07-04', '2014-07-04', '05:00:00', '17:00:00', 5, 1, 'blades_8.gif', 0, 0, 0),
(1590, 2, 'RxM  xbJBB', 'test', '', '', 'Artist', 'Barrie ontario canada', '44.77991878', '-79.84264924', '2014-07-05', '2014-07-05', '06:00:00', '18:00:00', 5, 1, 'blades_8.gif', 0, 0, 0),
(1591, 2, 'iiqkavhu', 'test', '', '', 'Artist', 'Barrie ontario canada', '44.5601759', '-78.26192969', '2014-07-06', '2014-07-06', '07:00:00', '19:00:00', 5, 1, 'blades_8.gif', 0, 0, 0),
(1592, 2, 'ESFAJbVJ', 'test', '', '', 'Artist', 'Barrie ontario canada', '44.29491468', '-78.31099325', '2014-07-07', '2014-07-07', '08:00:00', '20:00:00', 3, 1, 'blades_8.gif', 0, 0, 0),
(1593, 2, 'JxiuCFxw', 'test', '', '', 'Artist', 'Barrie ontario canada', '44.32426231', '-79.83616807', '2014-07-08', '2014-07-08', '09:00:00', '21:00:00', 2, 1, 'blades_8.gif', 0, 0, 0),
(1594, 2, 'OM  xaGm  m  y', 'test', '', '', 'Artist', 'Barrie ontario canada', '44.03378836', '-80.84846614', '2014-07-09', '2014-07-09', '10:00:00', '22:00:00', 3, 1, 'blades_8.gif', 0, 0, 0),
(1595, 2, 'KlUdym  Nk', 'test', '', '', 'Artist', 'Barrie ontario canada', '43.84038838', '-78.15768826', '2014-07-10', '2014-07-10', '11:00:00', '23:00:00', 4, 1, 'blades_8.gif', 0, 0, 0),
(1596, 2, 'GJDQAeOO', 'test', '', '', 'Artist', 'Barrie ontario canada', '44.95626815', '-78.24599378', '2014-07-11', '2014-07-11', '12:00:00', '00:00:00', 4, 1, 'blades_8.gif', 0, 0, 0),
(1597, 2, 'FNbLJqxt', 'test', '', '', 'Artist', 'Barrie ontario canada', '44.36325962', '-78.62526713', '2014-07-12', '2014-07-12', '13:00:00', '01:00:00', 4, 1, 'blades_8.gif', 0, 0, 0),
(1598, 2, 'DM  ddhycM  ', 'test', '', '', 'Artist', 'Barrie ontario canada', '43.99948838', '-80.75088253', '2014-07-13', '2014-07-13', '14:00:00', '02:00:00', 2, 1, 'blades_8.gif', 0, 0, 0),
(1599, 2, 'M  Asm  fNGS', 'test', '', '', 'Artist', 'Barrie ontario canada', '44.11997095', '-81.47117581', '2014-07-14', '2014-07-14', '15:00:00', '03:00:00', 2, 1, 'blades_8.gif', 0, 0, 0),
(1600, 2, 'BfQaxody', 'test', '', '', 'Artist', 'Barrie ontario canada', '45.47179168', '-80.72864637', '2014-07-15', '2014-07-15', '16:00:00', '04:00:00', 3, 1, 'blades_8.gif', 0, 0, 0),
(1601, 2, 'm  LcaPlDp', 'test', '', '', 'Artist', 'Barrie ontario canada', '44.51155031', '-79.71292614', '2014-07-16', '2014-07-16', '17:00:00', '05:00:00', 5, 1, 'blades_8.gif', 0, 0, 0),
(1602, 2, 'M  VwvNHWU', 'test', '', '', 'Artist', 'Barrie ontario canada', '43.60395116', '-78.26977857', '2014-07-17', '2014-07-17', '18:00:00', '06:00:00', 4, 1, 'blades_8.gif', 0, 0, 0),
(1603, 2, 'M  efkM  ncv', 'test', '', '', 'Artist', 'Barrie ontario canada', '44.28084966', '-81.04274783', '2014-07-18', '2014-07-18', '19:00:00', '07:00:00', 2, 1, 'blades_8.gif', 0, 0, 0),
(1604, 2, 'aLKwdWHy', 'test', '', '', 'Artist', 'Barrie ontario canada', '44.5661673', '-77.84130946', '2014-07-19', '2014-07-19', '20:00:00', '08:00:00', 4, 1, 'blades_8.gif', 0, 0, 0),
(1605, 2, 'tzuxjxRT', 'test', '', '', 'Artist', 'Barrie ontario canada', '43.97326994', '-78.84462284', '2014-07-20', '2014-07-20', '21:00:00', '09:00:00', 1, 1, 'blades_8.gif', 0, 0, 0),
(1606, 2, 'bpzFHvgq', 'test', '', '', 'Artist', 'Barrie ontario canada', '44.23598584', '-79.37770311', '2014-07-21', '2014-07-21', '22:00:00', '10:00:00', 2, 1, 'blades_8.gif', 0, 0, 0),
(1607, 2, 'qFm  oLRgc', 'test', '', '', 'Artist', 'Barrie ontario canada', '45.04801638', '-79.86186958', '2014-07-22', '2014-07-22', '23:00:00', '11:00:00', 3, 1, 'blades_8.gif', 0, 0, 0),
(1608, 2, 'OVugvKwe', 'test', '', '', 'Artist', 'Barrie ontario canada', '45.70943602', '-79.878423', '2014-07-23', '2014-07-23', '00:00:00', '12:00:00', 1, 1, 'blades_8.gif', 0, 0, 0),
(1609, 2, 'aM  ShcM  OL', 'test', '', '', 'Artist', 'Barrie ontario canada', '44.05197657', '-81.41423857', '2014-07-24', '2014-07-24', '01:00:00', '13:00:00', 3, 1, 'blades_8.gif', 0, 0, 0),
(1610, 2, 'ryssNRcC', 'test', '', '', 'Artist', 'Barrie ontario canada', '43.5638379', '-80.55963527', '2014-07-25', '2014-07-25', '02:00:00', '14:00:00', 5, 1, 'blades_8.gif', 0, 0, 0),
(1611, 2, 'LfkISxDD', 'test', '', '', 'Artist', 'Barrie ontario canada', '45.0882202', '-78.52264799', '2014-07-26', '2014-07-26', '03:00:00', '15:00:00', 1, 1, 'blades_8.gif', 0, 0, 0),
(1612, 2, 'hbEeAxJi', 'test', '', '', 'Artist', 'Barrie ontario canada', '44.03819544', '-79.96155586', '2014-07-27', '2014-07-27', '04:00:00', '16:00:00', 1, 1, 'blades_8.gif', 0, 0, 0),
(1613, 2, 'KiDzLqpB', 'test', '', '', 'Artist', 'Barrie ontario canada', '44.44260551', '-80.54441268', '2014-07-28', '2014-07-28', '05:00:00', '17:00:00', 4, 1, 'blades_8.gif', 0, 0, 0),
(1614, 2, 'SQDupnwx', 'test', '', '', 'Artist', 'Barrie ontario canada', '44.22202093', '-78.22989986', '2014-07-29', '2014-07-29', '06:00:00', '18:00:00', 2, 1, 'blades_8.gif', 0, 0, 0),
(1615, 2, 'Vvm  VdwcT', 'test', '', '', 'Artist', 'Barrie ontario canada', '44.10401275', '-80.82828368', '2014-07-30', '2014-07-30', '07:00:00', '19:00:00', 4, 1, 'blades_8.gif', 0, 0, 0),
(1616, 2, 'wxbJAzUl', 'test', '', '', 'Artist', 'Barrie ontario canada', '44.29451556', '-79.0952609', '2014-07-31', '2014-07-31', '08:00:00', '20:00:00', 1, 1, 'blades_8.gif', 0, 0, 0),
(1617, 2, 'qUIJzvDI', 'test', '', '', 'Artist', 'Barrie ontario canada', '44.91688239', '-78.31686268', '2014-08-01', '2014-08-01', '09:00:00', '21:00:00', 4, 1, 'blades_8.gif', 0, 0, 0),
(1618, 2, 'HotiFJJs', 'test', '', '', 'Artist', 'Barrie ontario canada', '44.21272669', '-79.32870941', '2014-08-02', '2014-08-02', '10:00:00', '22:00:00', 5, 1, 'blades_8.gif', 0, 0, 0),
(1619, 2, 'JypgGTHD', 'test', '', '', 'Artist', 'Barrie ontario canada', '44.12495686', '-80.47874414', '2014-08-03', '2014-08-03', '11:00:00', '23:00:00', 5, 1, 'blades_8.gif', 0, 0, 0),
(1620, 2, 'VduPWugu', 'test', '', '', 'Artist', 'Barrie ontario canada', '45.53290728', '-79.47008819', '2014-08-04', '2014-08-04', '12:00:00', '00:00:00', 2, 1, 'blades_8.gif', 0, 0, 0),
(1621, 2, 'Gcm  ifcQj', 'test', '', '', 'Artist', 'Barrie ontario canada', '44.63552852', '-78.61520817', '2014-08-05', '2014-08-05', '13:00:00', '01:00:00', 2, 1, 'blades_8.gif', 0, 0, 0),
(1622, 2, 'qfByM  vNJ', 'test', '', '', 'Artist', 'Barrie ontario canada', '44.21851659', '-79.32985378', '2014-08-06', '2014-08-06', '14:00:00', '02:00:00', 3, 1, 'blades_8.gif', 0, 0, 0),
(1623, 2, 'iKiFICLe', 'test', '', '', 'Artist', 'Barrie ontario canada', '44.45902642', '-78.64806119', '2014-08-07', '2014-08-07', '15:00:00', '03:00:00', 1, 1, 'blades_8.gif', 0, 0, 0),
(1624, 2, 'jFIzzbFc', 'test', '', '', 'Artist', 'Barrie ontario canada', '43.33438087', '-80.53568795', '2014-08-08', '2014-08-08', '16:00:00', '04:00:00', 2, 1, 'blades_8.gif', 0, 0, 0),
(1625, 2, 'sKCGCTTN', 'test', '', '', 'Artist', 'Barrie ontario canada', '43.96620496', '-80.49109268', '2014-08-09', '2014-08-09', '17:00:00', '05:00:00', 3, 1, 'blades_8.gif', 0, 0, 0),
(1626, 2, 'lM  kJUDhU', 'test', '', '', 'Artist', 'Barrie ontario canada', '43.46131151', '-80.30461311', '2014-08-10', '2014-08-10', '18:00:00', '06:00:00', 1, 1, 'blades_8.gif', 0, 0, 0),
(1627, 2, 'nAPDyHTA', 'test', '', '', 'Artist', 'Barrie ontario canada', '44.33268582', '-81.03819958', '2014-08-11', '2014-08-11', '19:00:00', '07:00:00', 1, 1, 'blades_8.gif', 0, 0, 0),
(1628, 2, 'VjeSkrfB', 'test', '', '', 'Artist', 'Barrie ontario canada', '43.59928478', '-78.57035801', '2014-08-12', '2014-08-12', '20:00:00', '08:00:00', 2, 1, 'blades_8.gif', 0, 0, 0),
(1629, 2, 'utJvaLM  D', 'test', '', '', 'Artist', 'Barrie ontario canada', '44.29602005', '-79.64691433', '2014-08-13', '2014-08-13', '21:00:00', '09:00:00', 5, 1, 'blades_8.gif', 0, 0, 0),
(1630, 2, 'FwsvgpjV', 'test', '', '', 'Artist', 'Barrie ontario canada', '44.07176602', '-80.87629111', '2014-08-14', '2014-08-14', '22:00:00', '10:00:00', 3, 1, 'blades_8.gif', 0, 0, 0),
(1631, 2, 'pHuejHQm  ', 'test', '', '', 'Artist', 'Barrie ontario canada', '43.71159269', '-80.46849334', '2014-08-15', '2014-08-15', '23:00:00', '11:00:00', 5, 1, 'blades_8.gif', 0, 0, 0),
(1632, 2, 'FwuGewbL', 'test', '', '', 'Artist', 'Barrie ontario canada', '45.17165262', '-79.25479547', '2014-08-16', '2014-08-16', '00:00:00', '12:00:00', 5, 1, 'blades_8.gif', 0, 0, 0),
(1633, 2, 'JpufqsOb', 'test', '', '', 'Artist', 'Barrie ontario canada', '44.06251603', '-81.13271671', '2014-08-17', '2014-08-17', '01:00:00', '13:00:00', 1, 1, 'blades_8.gif', 0, 0, 0),
(1634, 2, 'GkdJuUvs', 'test', '', '', 'Artist', 'Barrie ontario canada', '43.70639506', '-81.20015743', '2014-08-18', '2014-08-18', '02:00:00', '14:00:00', 3, 1, 'blades_8.gif', 0, 0, 0),
(1635, 2, 'BFCWkcDR', 'test', '', '', 'Artist', 'Barrie ontario canada', '45.53001036', '-79.34979946', '2014-08-19', '2014-08-19', '03:00:00', '15:00:00', 2, 1, 'blades_8.gif', 0, 0, 0),
(1636, 2, 'FBOzcLEO', 'test', '', '', 'Artist', 'Barrie ontario canada', '44.89137509', '-80.75516134', '2014-08-20', '2014-08-20', '04:00:00', '16:00:00', 1, 1, 'blades_8.gif', 0, 0, 0),
(1637, 2, 'm  Lgqm  nCh', 'test', '', '', 'Artist', 'Barrie ontario canada', '44.94772126', '-79.40027895', '2014-08-21', '2014-08-21', '05:00:00', '17:00:00', 2, 1, 'blades_8.gif', 0, 0, 0),
(1638, 2, 'Wwpm  pM  Vy', 'test', '', '', 'Artist', 'Barrie ontario canada', '44.34091374', '-78.6986748', '2014-08-22', '2014-08-22', '06:00:00', '18:00:00', 5, 1, 'blades_8.gif', 0, 0, 0),
(1639, 2, 'BqWVSBfS', 'test', '', '', 'Artist', 'Barrie ontario canada', '44.12096869', '-78.88506074', '2014-08-23', '2014-08-23', '07:00:00', '19:00:00', 2, 1, 'blades_8.gif', 0, 0, 0),
(1640, 2, 'jlDnATam  ', 'test', '', '', 'Artist', 'Barrie ontario canada', '44.87005959', '-78.27939979', '2014-08-24', '2014-08-24', '08:00:00', '20:00:00', 2, 1, 'blades_8.gif', 0, 0, 0),
(1641, 2, 'lwApaevU', 'test', '', '', 'Artist', 'Barrie ontario canada', '44.05021539', '-81.40345931', '2014-08-25', '2014-08-25', '09:00:00', '21:00:00', 3, 1, 'blades_8.gif', 0, 0, 0),
(1642, 2, 'teqsPfbN', 'test', '', '', 'Artist', 'Barrie ontario canada', '44.62043107', '-80.96049163', '2014-08-26', '2014-08-26', '10:00:00', '22:00:00', 2, 1, 'blades_8.gif', 0, 0, 0),
(1643, 2, 'ShaDajUi', 'test', '', '', 'Artist', 'Barrie ontario canada', '43.71518776', '-80.80701746', '2014-08-27', '2014-08-27', '11:00:00', '23:00:00', 4, 1, 'blades_8.gif', 0, 0, 0),
(1644, 2, 'azEyGOgh', 'test', '', '', 'Artist', 'Barrie ontario canada', '45.39756087', '-78.65551515', '2014-08-28', '2014-08-28', '12:00:00', '00:00:00', 3, 1, 'blades_8.gif', 0, 0, 0),
(1645, 2, 'rqDalfSk', 'test', '', '', 'Artist', 'Barrie ontario canada', '44.20970634', '-79.54377804', '2014-08-29', '2014-08-29', '13:00:00', '01:00:00', 3, 1, 'blades_8.gif', 0, 0, 0),
(1646, 2, 'qbiKkOxT', 'test', '', '', 'Artist', 'Barrie ontario canada', '44.0103963', '-80.64345694', '2014-08-30', '2014-08-30', '14:00:00', '02:00:00', 1, 1, 'blades_8.gif', 0, 0, 0),
(1647, 2, 'jjrkbysv', 'test', '', '', 'Artist', 'Barrie ontario canada', '44.4198497', '-78.31523982', '2014-08-31', '2014-08-31', '15:00:00', '03:00:00', 5, 1, 'blades_8.gif', 0, 0, 0),
(1648, 2, 'cSutGjTd', 'test', '', '', 'Artist', 'Barrie ontario canada', '43.67623865', '-80.29492438', '2014-09-01', '2014-09-01', '16:00:00', '04:00:00', 3, 1, 'blades_8.gif', 0, 0, 0),
(1649, 2, 'DNixPNzh', 'test', '', '', 'Artist', 'Barrie ontario canada', '44.38552909', '-78.58830544', '2014-09-02', '2014-09-02', '17:00:00', '05:00:00', 5, 1, 'blades_8.gif', 0, 0, 0),
(1650, 2, 'jxQSRKaR', 'test', '', '', 'Artist', 'Barrie ontario canada', '45.57558573', '-80.26710022', '2014-09-03', '2014-09-03', '18:00:00', '06:00:00', 3, 1, 'blades_8.gif', 0, 0, 0),
(1651, 2, 'slcAAdKA', 'test', '', '', 'Artist', 'Barrie ontario canada', '43.71564382', '-79.62120731', '2014-09-04', '2014-09-04', '19:00:00', '07:00:00', 5, 1, 'blades_8.gif', 0, 0, 0),
(1652, 2, 'wHbdm  gON', 'test', '', '', 'Artist', 'Barrie ontario canada', '43.529854', '-80.28099262', '2014-09-05', '2014-09-05', '20:00:00', '08:00:00', 2, 1, 'blades_8.gif', 0, 0, 0),
(1653, 2, 'xbGliipe', 'test', '', '', 'Artist', 'Barrie ontario canada', '45.67912315', '-79.15277574', '2014-09-06', '2014-09-06', '21:00:00', '09:00:00', 5, 1, 'blades_8.gif', 0, 0, 0),
(1654, 2, 'yjyTgPRP', 'test', '', '', 'Artist', 'Barrie ontario canada', '44.97297142', '-79.57957174', '2014-09-07', '2014-09-07', '22:00:00', '10:00:00', 4, 1, 'blades_8.gif', 0, 0, 0),
(1655, 2, 'Bm  Fsbbbb', 'test', '', '', 'Artist', 'Barrie ontario canada', '44.17221348', '-78.15968696', '2014-09-08', '2014-09-08', '23:00:00', '11:00:00', 3, 1, 'blades_8.gif', 0, 0, 0),
(1656, 2, 'dom  rabeq', 'test', '', '', 'Artist', 'Barrie ontario canada', '43.73768053', '-79.63731346', '2014-09-09', '2014-09-09', '00:00:00', '12:00:00', 5, 1, 'blades_8.gif', 0, 0, 0),
(1657, 2, 'tcaQqfyi', 'test', '', '', 'Artist', 'Barrie ontario canada', '44.59118762', '-81.32106224', '2014-09-10', '2014-09-10', '01:00:00', '13:00:00', 3, 1, 'blades_8.gif', 0, 0, 0),
(1658, 2, 'txlHHtSs', 'test', '', '', 'Artist', 'Barrie ontario canada', '45.37230242', '-78.98789381', '2014-09-11', '2014-09-11', '02:00:00', '14:00:00', 4, 1, 'blades_8.gif', 0, 0, 0),
(1659, 2, 'iHTBcADt', 'test', '', '', 'Artist', 'Barrie ontario canada', '44.30885695', '-80.41136008', '2014-09-12', '2014-09-12', '03:00:00', '15:00:00', 1, 1, 'blades_8.gif', 0, 0, 0),
(1660, 2, 'hCurBIOb', 'test', '', '', 'Artist', 'Barrie ontario canada', '43.51689945', '-79.94908557', '2014-09-13', '2014-09-13', '04:00:00', '16:00:00', 1, 1, 'blades_8.gif', 0, 0, 0),
(1661, 2, 'GjcFcsGk', 'test', '', '', 'Artist', 'Barrie ontario canada', '44.04240426', '-78.02294495', '2014-09-14', '2014-09-14', '05:00:00', '17:00:00', 2, 1, 'blades_8.gif', 0, 0, 0),
(1662, 2, 'dHkbytxl', 'test', '', '', 'Artist', 'Barrie ontario canada', '45.11049497', '-79.70950798', '2014-09-15', '2014-09-15', '06:00:00', '18:00:00', 3, 1, 'blades_8.gif', 0, 0, 0),
(1663, 2, 'LcWNdSpP', 'test', '', '', 'Artist', 'Barrie ontario canada', '45.25220809', '-78.56638235', '2014-09-16', '2014-09-16', '07:00:00', '19:00:00', 3, 1, 'blades_8.gif', 0, 0, 0),
(1664, 2, 'qhJiIaUI', 'test', '', '', 'Artist', 'Barrie ontario canada', '45.46672968', '-79.69129766', '2014-09-17', '2014-09-17', '08:00:00', '20:00:00', 2, 1, 'blades_8.gif', 0, 0, 0),
(1665, 2, 'IsM  NGTDo', 'test', '', '', 'Artist', 'Barrie ontario canada', '45.17790618', '-78.92294657', '2014-09-18', '2014-09-18', '09:00:00', '21:00:00', 3, 1, 'blades_8.gif', 0, 0, 0),
(1666, 2, 'DicHqCTP', 'test', '', '', 'Artist', 'Barrie ontario canada', '44.76300375', '-81.02922989', '2014-09-19', '2014-09-19', '10:00:00', '22:00:00', 5, 1, 'blades_8.gif', 0, 0, 0),
(1667, 2, 'zWuekM  pk', 'test', '', '', 'Artist', 'Barrie ontario canada', '43.61294861', '-79.94237066', '2014-09-20', '2014-09-20', '11:00:00', '23:00:00', 2, 1, 'blades_8.gif', 0, 0, 0),
(1668, 2, 'hfddgtFW', 'test', '', '', 'Artist', 'Barrie ontario canada', '43.84343211', '-78.81418892', '2014-09-21', '2014-09-21', '12:00:00', '00:00:00', 2, 1, 'blades_8.gif', 0, 0, 0),
(1669, 2, 'WbjRQGKH', 'test', '', '', 'Artist', 'Barrie ontario canada', '44.74791325', '-78.52823418', '2014-09-22', '2014-09-22', '13:00:00', '01:00:00', 5, 1, 'blades_8.gif', 0, 0, 0),
(1670, 2, 'kcCLddgy', 'test', '', '', 'Artist', 'Barrie ontario canada', '45.04023138', '-80.66025168', '2014-09-23', '2014-09-23', '14:00:00', '02:00:00', 1, 1, 'blades_8.gif', 0, 0, 0),
(1671, 2, 'bGnrWRwE', 'test', '', '', 'Artist', 'Barrie ontario canada', '44.14426776', '-80.89630659', '2014-09-24', '2014-09-24', '15:00:00', '03:00:00', 5, 1, 'blades_8.gif', 0, 0, 0),
(1672, 2, 'JKAvFRwI', 'test', '', '', 'Artist', 'Barrie ontario canada', '45.1348765', '-79.77295906', '2014-09-25', '2014-09-25', '16:00:00', '04:00:00', 4, 1, 'blades_8.gif', 0, 0, 0),
(1673, 2, 'fvRfQVpE', 'test', '', '', 'Artist', 'Barrie ontario canada', '45.21915946', '-78.63376057', '2014-09-26', '2014-09-26', '17:00:00', '05:00:00', 4, 1, 'blades_8.gif', 0, 0, 0),
(1674, 2, 'kkvAuuRg', 'test', '', '', 'Artist', 'Barrie ontario canada', '44.28868632', '-79.52172962', '2014-09-27', '2014-09-27', '18:00:00', '06:00:00', 5, 1, 'blades_8.gif', 0, 0, 0),
(1675, 2, 'WCSM  jDyE', 'test', '', '', 'Artist', 'Barrie ontario canada', '45.16977692', '-80.67412759', '2014-09-28', '2014-09-28', '19:00:00', '07:00:00', 4, 1, 'blades_8.gif', 0, 0, 0),
(1676, 2, 'DjfVALm  V', 'test', '', '', 'Artist', 'Barrie ontario canada', '43.7710739', '-80.27643672', '2014-09-29', '2014-09-29', '20:00:00', '08:00:00', 1, 1, 'blades_8.gif', 0, 0, 0),
(1677, 2, 'ctOSdFWd', 'test', '', '', 'Artist', 'Barrie ontario canada', '44.41754252', '-80.39463802', '2014-09-30', '2014-09-30', '21:00:00', '09:00:00', 5, 1, 'blades_8.gif', 0, 0, 0),
(1678, 2, 'psTzPECe', 'test', '', '', 'Artist', 'Barrie ontario canada', '44.96259306', '-80.68412346', '2014-10-01', '2014-10-01', '22:00:00', '10:00:00', 2, 1, 'blades_8.gif', 0, 0, 0),
(1679, 2, 'GdpsVJKx', 'test', '', '', 'Artist', 'Barrie ontario canada', '44.7432244', '-80.04612016', '2014-10-02', '2014-10-02', '23:00:00', '11:00:00', 5, 1, 'blades_8.gif', 0, 0, 0),
(1680, 2, 'ixOKm  Wlk', 'test', '', '', 'Artist', 'Barrie ontario canada', '45.0749554', '-80.161251', '2014-10-03', '2014-10-03', '00:00:00', '12:00:00', 5, 1, 'blades_8.gif', 0, 0, 0),
(1681, 2, 'pWWWWWUK', 'test', '', '', 'Artist', 'Barrie ontario canada', '43.59544499', '-79.33659381', '2014-10-04', '2014-10-04', '01:00:00', '13:00:00', 3, 1, 'blades_8.gif', 0, 0, 0),
(1682, 2, 'TtkSPBjr', 'test', '', '', 'Artist', 'Barrie ontario canada', '45.5567409', '-80.00227623', '2014-10-05', '2014-10-05', '02:00:00', '14:00:00', 3, 1, 'blades_8.gif', 0, 0, 0),
(1683, 2, 'jPIUFtWO', 'test', '', '', 'Artist', 'Barrie ontario canada', '43.76548692', '-81.27931705', '2014-10-06', '2014-10-06', '03:00:00', '15:00:00', 1, 1, 'blades_8.gif', 0, 0, 0),
(1684, 2, 'hm  PvHgBw', 'test', '', '', 'Artist', 'Barrie ontario canada', '44.80315292', '-78.22948046', '2014-10-07', '2014-10-07', '04:00:00', '16:00:00', 5, 1, 'blades_8.gif', 0, 0, 0),
(1685, 2, 'DGxuHgDF', 'test', '', '', 'Artist', 'Barrie ontario canada', '43.78974591', '-79.69870555', '2014-10-08', '2014-10-08', '05:00:00', '17:00:00', 3, 1, 'blades_8.gif', 0, 0, 0),
(1686, 2, 'tdgxbHrH', 'test', '', '', 'Artist', 'Barrie ontario canada', '44.03852236', '-78.88473382', '2014-10-09', '2014-10-09', '06:00:00', '18:00:00', 5, 1, 'blades_8.gif', 0, 0, 0),
(1687, 2, 'qEhQQJcc', 'test', '', '', 'Artist', 'Barrie ontario canada', '44.45865053', '-80.90882469', '2014-10-10', '2014-10-10', '07:00:00', '19:00:00', 1, 1, 'blades_8.gif', 0, 0, 0),
(1688, 2, 'fuJqCRHM  ', 'test', '', '', 'Artist', 'Barrie ontario canada', '44.48334625', '-78.96216939', '2014-10-11', '2014-10-11', '08:00:00', '20:00:00', 1, 1, 'blades_8.gif', 0, 0, 0),
(1689, 2, 'QTeFVTKS', 'test', '', '', 'Artist', 'Barrie ontario canada', '44.13810698', '-77.9059053', '2014-10-12', '2014-10-12', '09:00:00', '21:00:00', 5, 1, 'blades_8.gif', 0, 0, 0),
(1690, 2, 'oJNNDFtc', 'test', '', '', 'Artist', 'Barrie ontario canada', '43.56924707', '-79.6947144', '2014-10-13', '2014-10-13', '10:00:00', '22:00:00', 2, 1, 'blades_8.gif', 0, 0, 0),
(1691, 2, 'endAwJla', 'test', '', '', 'Artist', 'Barrie ontario canada', '44.54475621', '-80.04172974', '2014-10-14', '2014-10-14', '11:00:00', '23:00:00', 4, 1, 'blades_8.gif', 0, 0, 0),
(1692, 2, 'pCTRFBRK', 'test', '', '', 'Artist', 'Barrie ontario canada', '43.12674601', '-79.92293965', '2014-10-15', '2014-10-15', '12:00:00', '00:00:00', 5, 1, 'blades_8.gif', 0, 0, 0),
(1693, 2, 'ccgxWxxU', 'test', '', '', 'Artist', 'Barrie ontario canada', '44.07717881', '-78.16558293', '2014-10-16', '2014-10-16', '13:00:00', '01:00:00', 5, 1, 'blades_8.gif', 0, 0, 0),
(1694, 2, 'pHzCnHBM  ', 'test', '', '', 'Artist', 'Barrie ontario canada', '43.25165237', '-78.86665851', '2014-10-17', '2014-10-17', '14:00:00', '02:00:00', 2, 1, 'blades_8.gif', 0, 0, 0),
(1695, 2, 'nWexhqlh', 'test', '', '', 'Artist', 'Barrie ontario canada', '44.98392026', '-79.28584882', '2014-10-18', '2014-10-18', '15:00:00', '03:00:00', 5, 1, 'blades_8.gif', 0, 0, 0),
(1696, 2, 'cOVpKKzs', 'test', '', '', 'Artist', 'Barrie ontario canada', '43.86318281', '-79.70625774', '2014-10-19', '2014-10-19', '16:00:00', '04:00:00', 1, 1, 'blades_8.gif', 0, 0, 0),
(1697, 2, 'nnASQDww', 'test', '', '', 'Artist', 'Barrie ontario canada', '44.71209004', '-79.61882607', '2014-10-20', '2014-10-20', '17:00:00', '05:00:00', 5, 1, 'blades_8.gif', 0, 0, 0),
(1698, 2, 'Tlwzm  HFk', 'test', '', '', 'Artist', 'Barrie ontario canada', '43.92314715', '-80.57382886', '2014-10-21', '2014-10-21', '18:00:00', '06:00:00', 3, 1, 'blades_8.gif', 0, 0, 0),
(1699, 2, 'hgjCnFrR', 'test', '', '', 'Artist', 'Barrie ontario canada', '44.78550531', '-80.28871897', '2014-10-22', '2014-10-22', '19:00:00', '07:00:00', 2, 1, 'blades_8.gif', 0, 0, 0),
(1700, 2, 'tm  hVsUGv', 'test', '', '', 'Artist', 'Barrie ontario canada', '43.90440209', '-80.63598227', '2014-10-23', '2014-10-23', '20:00:00', '08:00:00', 4, 1, 'blades_8.gif', 0, 0, 0),
(1701, 2, 'kKgtBGEg', 'test', '', '', 'Artist', 'Barrie ontario canada', '43.5066023', '-79.07425725', '2014-10-24', '2014-10-24', '21:00:00', '09:00:00', 1, 1, 'blades_8.gif', 0, 0, 0),
(1702, 2, 'KsEbm  km  H', 'test', '', '', 'Artist', 'Barrie ontario canada', '43.78188466', '-79.27956925', '2014-10-25', '2014-10-25', '22:00:00', '10:00:00', 2, 1, 'blades_8.gif', 0, 0, 0),
(1703, 2, 'GkdIpxxU', 'test', '', '', 'Artist', 'Barrie ontario canada', '44.20078198', '-79.63476434', '2014-10-26', '2014-10-26', '23:00:00', '11:00:00', 4, 1, 'blades_8.gif', 0, 0, 0),
(1704, 2, 'pHzAfTrV', 'test', '', '', 'Artist', 'Barrie ontario canada', '43.08818396', '-79.21650377', '2014-10-27', '2014-10-27', '00:00:00', '12:00:00', 2, 1, 'blades_8.gif', 0, 0, 0),
(1705, 2, 'NebRsjOB', 'test', '', '', 'Artist', 'Barrie ontario canada', '44.04775489', '-78.79137644', '2014-10-28', '2014-10-28', '01:00:00', '13:00:00', 4, 1, 'blades_8.gif', 0, 0, 0),
(1706, 2, 'retHleOM  ', 'test', '', '', 'Artist', 'Barrie ontario canada', '44.36327887', '-78.75820225', '2014-10-29', '2014-10-29', '02:00:00', '14:00:00', 1, 1, 'blades_8.gif', 0, 0, 0),
(1707, 2, 'vShdTtkS', 'test', '', '', 'Artist', 'Barrie ontario canada', '44.40458807', '-77.95601014', '2014-10-30', '2014-10-30', '03:00:00', '15:00:00', 5, 1, 'blades_8.gif', 0, 0, 0),
(1708, 2, 'RJVHyxPM  ', 'test', '', '', 'Artist', 'Barrie ontario canada', '44.30833907', '-79.28968554', '2013-01-01', '2013-01-02', '04:00:00', '16:00:00', 2, 1, 'blades_8.gif', 0, 0, 0),
(1709, 2, 'sAEvrwkI', 'test', '', '', 'Artist', 'Barrie ontario canada', '44.93496115', '-78.18235252', '2014-11-01', '2014-11-01', '05:00:00', '17:00:00', 3, 1, 'blades_8.gif', 0, 0, 0),
(1710, 2, 'SvxdTshF', 'test', '', '', 'Artist', 'Barrie ontario canada', '43.83803698', '-80.89991125', '2014-11-02', '2014-11-02', '06:00:00', '18:00:00', 3, 1, 'blades_8.gif', 0, 0, 0),
(1711, 2, 'KM  Gaacla', 'test', '', '', 'Artist', 'Barrie ontario canada', '44.79594773', '-80.83741506', '2014-11-03', '2014-11-03', '07:00:00', '19:00:00', 1, 1, 'blades_8.gif', 0, 0, 0),
(1712, 2, 'qEiThVuh', 'test', '', '', 'Artist', 'Barrie ontario canada', '43.55432146', '-80.48841703', '2014-11-04', '2014-11-04', '08:00:00', '20:00:00', 3, 1, 'blades_8.gif', 0, 0, 0),
(1713, 2, 'AlAbAEwx', 'test', '', '', 'Artist', 'Barrie ontario canada', '44.58868268', '-80.18643096', '2014-11-05', '2014-11-05', '09:00:00', '21:00:00', 3, 1, 'blades_8.gif', 0, 0, 0),
(1714, 2, 'Vwrvfnbp', 'test', '', '', 'Artist', 'Barrie ontario canada', '44.54579673', '-78.18781345', '2014-11-06', '2014-11-06', '10:00:00', '22:00:00', 3, 1, 'blades_8.gif', 0, 0, 0),
(1715, 2, 'yzdPbEaj', 'test', '', '', 'Artist', 'Barrie ontario canada', '43.91536965', '-78.06310222', '2014-11-07', '2014-11-07', '11:00:00', '23:00:00', 1, 1, 'blades_8.gif', 0, 0, 0),
(1716, 2, 'SaowuGfB', 'test', '', '', 'Artist', 'Barrie ontario canada', '45.05909821', '-79.45191521', '2014-11-08', '2014-11-08', '12:00:00', '00:00:00', 3, 1, 'blades_8.gif', 0, 0, 0),
(1717, 2, 'wEJLFSDp', 'test', '', '', 'Artist', 'Barrie ontario canada', '43.7703755', '-79.08552423', '2014-11-09', '2014-11-09', '13:00:00', '01:00:00', 4, 1, 'blades_8.gif', 0, 0, 0),
(1718, 2, 'NaHrJzxM  ', 'test', '', '', 'Artist', 'Barrie ontario canada', '45.27387', '-78.73306903', '2014-11-10', '2014-11-10', '14:00:00', '02:00:00', 5, 1, 'blades_8.gif', 0, 0, 0),
(1719, 2, 'yiqiRRKd', 'test', '', '', 'Artist', 'Barrie ontario canada', '44.46998949', '-78.06597219', '2014-11-11', '2014-11-11', '15:00:00', '03:00:00', 4, 1, 'blades_8.gif', 0, 0, 0),
(1720, 2, 'gybFiTeJ', 'test', '', '', 'Artist', 'Barrie ontario canada', '43.20314295', '-80.13355698', '2014-11-12', '2014-11-12', '16:00:00', '04:00:00', 4, 1, 'blades_8.gif', 0, 0, 0),
(1721, 2, 'ooFqIxrr', 'test', '', '', 'Artist', 'Barrie ontario canada', '44.35793071', '-78.63374433', '2014-11-13', '2014-11-13', '17:00:00', '05:00:00', 2, 1, 'blades_8.gif', 0, 0, 0),
(1722, 2, 'HpzITCdD', 'test', '', '', 'Artist', 'Barrie ontario canada', '43.37231202', '-80.48205678', '2014-11-14', '2014-11-14', '18:00:00', '06:00:00', 2, 1, 'blades_8.gif', 0, 0, 0),
(1723, 2, 'OrligjyV', 'test', '', '', 'Artist', 'Barrie ontario canada', '45.30311717', '-79.21157702', '2014-11-15', '2014-11-15', '19:00:00', '07:00:00', 4, 1, 'blades_8.gif', 0, 0, 0),
(1724, 2, 'oEhVrSyI', 'test', '', '', 'Artist', 'Barrie ontario canada', '44.15070001', '-78.98133714', '2014-11-16', '2014-11-16', '20:00:00', '08:00:00', 3, 1, 'blades_8.gif', 0, 0, 0),
(1725, 2, 'cgBrgDDh', 'test', '', '', 'Artist', 'Barrie ontario canada', '44.30322675', '-81.21157166', '2014-11-17', '2014-11-17', '21:00:00', '09:00:00', 3, 1, 'blades_8.gif', 0, 0, 0),
(1726, 2, 'aBNsvcWL', 'test', '', '', 'Artist', 'Barrie ontario canada', '43.39185308', '-79.15237895', '2014-11-18', '2014-11-18', '22:00:00', '10:00:00', 5, 1, 'blades_8.gif', 0, 0, 0),
(1727, 2, 'PSaoxybH', 'test', '', '', 'Artist', 'Barrie ontario canada', '44.46206396', '-77.87387981', '2014-11-19', '2014-11-19', '23:00:00', '11:00:00', 5, 1, 'blades_8.gif', 0, 0, 0),
(1728, 2, 'qEdyqhLr', 'test', '', '', 'Artist', 'Barrie ontario canada', '44.23959926', '-79.03212085', '2014-11-20', '2014-11-20', '00:00:00', '12:00:00', 3, 1, 'blades_8.gif', 0, 0, 0),
(1729, 2, 'ABksm  ieT', 'test', '', '', 'Artist', 'Barrie ontario canada', '44.26327691', '-78.53661243', '2014-11-21', '2014-11-21', '01:00:00', '13:00:00', 1, 1, 'blades_8.gif', 0, 0, 0),
(1730, 2, 'sfvRdJuT', 'test', '', '', 'Artist', 'Barrie ontario canada', '44.70300733', '-79.28944572', '2014-11-22', '2014-11-22', '02:00:00', '14:00:00', 5, 1, 'blades_8.gif', 0, 0, 0),
(1731, 2, 'ulTSM  lM  k', 'test', '', '', 'Artist', 'Barrie ontario canada', '43.62903233', '-78.33118537', '2014-11-23', '2014-11-23', '03:00:00', '15:00:00', 1, 1, 'blades_8.gif', 0, 0, 0),
(1732, 2, 'KeiDyIba', 'test', '', '', 'Artist', 'Barrie ontario canada', '43.53476393', '-80.64562329', '2014-11-24', '2014-11-24', '04:00:00', '16:00:00', 4, 1, 'blades_8.gif', 0, 0, 0),
(1733, 2, 'UJNQQKhx', 'test', '', '', 'Artist', 'Barrie ontario canada', '44.500425', '-80.38344061', '2014-11-25', '2014-11-25', '05:00:00', '17:00:00', 3, 1, 'blades_8.gif', 0, 0, 0),
(1734, 2, 'aBLjFHvf', 'test', '', '', 'Artist', 'Barrie ontario canada', '45.71153981', '-80.04946348', '2014-11-26', '2014-11-26', '06:00:00', '18:00:00', 2, 1, 'blades_8.gif', 0, 0, 0),
(1735, 2, 'ndAwGWTH', 'test', '', '', 'Artist', 'Barrie ontario canada', '44.32587341', '-79.83024103', '2014-11-27', '2014-11-27', '07:00:00', '19:00:00', 5, 1, 'blades_8.gif', 0, 0, 0),
(1736, 2, 'FhQOzinP', 'test', '', '', 'Artist', 'Barrie ontario canada', '45.31479415', '-79.67304606', '2014-11-28', '2014-11-28', '08:00:00', '20:00:00', 2, 1, 'blades_8.gif', 0, 0, 0),
(1737, 2, 'wJm  fOLpp', 'test', '', '', 'Artist', 'Barrie ontario canada', '43.9646295', '-81.23950686', '2014-11-29', '2014-11-29', '09:00:00', '21:00:00', 5, 1, 'blades_8.gif', 0, 0, 0),
(1738, 2, 'GqGqIxqk', 'test', '', '', 'Artist', 'Barrie ontario canada', '45.08077775', '-78.26638131', '2014-11-30', '2014-11-30', '10:00:00', '22:00:00', 3, 1, 'blades_8.gif', 0, 0, 0),
(1739, 2, 'eNJjPDwz', 'test', '', '', 'Artist', 'Barrie ontario canada', '45.47623058', '-78.61287928', '2014-12-01', '2014-12-01', '11:00:00', '23:00:00', 3, 1, 'blades_8.gif', 0, 0, 0),
(1740, 2, 'm  FyzilIO', 'test', '', '', 'Artist', 'Barrie ontario canada', '43.76647169', '-78.59100799', '2014-12-02', '2014-12-02', '12:00:00', '00:00:00', 4, 1, 'blades_8.gif', 0, 0, 0),
(1741, 2, 'WxtDNjBj', 'test', '', '', 'Artist', 'Barrie ontario canada', '45.02449356', '-80.43372075', '2014-12-03', '2014-12-03', '13:00:00', '01:00:00', 3, 1, 'blades_8.gif', 0, 0, 0),
(1742, 2, 'qcooEjeQ', 'test', '', '', 'Artist', 'Barrie ontario canada', '45.13130681', '-81.0882208', '2014-12-04', '2014-12-04', '14:00:00', '02:00:00', 3, 1, 'blades_8.gif', 0, 0, 0),
(1743, 2, 'dKAvBAby', 'test', '', '', 'Artist', 'Barrie ontario canada', '44.21480766', '-80.24197914', '2014-12-05', '2014-12-05', '15:00:00', '03:00:00', 1, 1, 'blades_8.gif', 0, 0, 0),
(1744, 2, 'uBDqQriM  ', 'test', '', '', 'Artist', 'Barrie ontario canada', '44.06729689', '-80.45405652', '2014-12-06', '2014-12-06', '16:00:00', '04:00:00', 5, 1, 'blades_8.gif', 0, 0, 0),
(1745, 2, 'tGfCBeJr', 'test', '', '', 'Artist', 'Barrie ontario canada', '43.70994497', '-79.3323213', '2014-12-07', '2014-12-07', '17:00:00', '05:00:00', 2, 1, 'blades_8.gif', 0, 0, 0),
(1746, 2, 'CQEzIVJK', 'test', '', '', 'Artist', 'Barrie ontario canada', '44.5289096', '-79.77009112', '2014-12-08', '2014-12-08', '18:00:00', '06:00:00', 2, 1, 'blades_8.gif', 0, 0, 0),
(1747, 2, 'ynSJQgec', 'test', '', '', 'Artist', 'Barrie ontario canada', '44.48704276', '-81.41337018', '2014-12-09', '2014-12-09', '19:00:00', '07:00:00', 1, 1, 'blades_8.gif', 0, 0, 0),
(1748, 2, 'UEloNfgp', 'test', '', '', 'Artist', 'Barrie ontario canada', '44.88790173', '-78.58153349', '2014-12-10', '2014-12-10', '20:00:00', '08:00:00', 3, 1, 'blades_8.gif', 0, 0, 0),
(1749, 2, 'llwDFrSv', 'test', '', '', 'Artist', 'Barrie ontario canada', '45.58030496', '-80.10128426', '2014-12-11', '2014-12-11', '21:00:00', '09:00:00', 2, 1, 'blades_8.gif', 0, 0, 0),
(1750, 2, 'yisqCQDs', 'test', '', '', 'Artist', 'Barrie ontario canada', '44.38984777', '-79.22910849', '2014-12-12', '2014-12-12', '22:00:00', '10:00:00', 4, 1, 'blades_8.gif', 0, 0, 0),
(1751, 2, 'ftGhKpoA', 'test', '', '', 'Artist', 'Barrie ontario canada', '43.72377221', '-80.01069159', '2014-12-13', '2014-12-13', '23:00:00', '11:00:00', 4, 1, 'blades_8.gif', 0, 0, 0),
(1752, 2, 'PECbtRkw', 'test', '', '', 'Artist', 'Barrie ontario canada', '43.3168345', '-78.85490957', '2014-12-14', '2014-12-14', '00:00:00', '12:00:00', 4, 1, 'blades_8.gif', 0, 0, 0),
(1753, 2, 'EM  aKFVVU', 'test', '', '', 'Artist', 'Barrie ontario canada', '44.90314505', '-80.78682861', '2014-12-15', '2014-12-15', '01:00:00', '13:00:00', 5, 1, 'blades_8.gif', 0, 0, 0),
(1754, 2, 'M  dccdjLm  ', 'test', '', '', 'Artist', 'Barrie ontario canada', '45.17806774', '-78.62510493', '2014-12-16', '2014-12-16', '02:00:00', '14:00:00', 3, 1, 'blades_8.gif', 0, 0, 0),
(1755, 2, 'UakasSsi', 'test', '', '', 'Artist', 'Barrie ontario canada', '45.47443551', '-80.40914957', '2014-12-17', '2014-12-17', '03:00:00', '15:00:00', 4, 1, 'blades_8.gif', 0, 0, 0),
(1756, 2, 'KhCuqxqn', 'test', '', '', 'Artist', 'Barrie ontario canada', '43.84555887', '-81.39053947', '2014-12-18', '2014-12-18', '04:00:00', '16:00:00', 3, 1, 'blades_8.gif', 0, 0, 0),
(1757, 2, 'sbdkQHOd', 'test', '', '', 'Artist', 'Barrie ontario canada', '45.09472414', '-81.18953713', '2014-12-19', '2014-12-19', '05:00:00', '17:00:00', 1, 1, 'blades_8.gif', 0, 0, 0),
(1758, 2, 'TtjOydOT', 'test', '', '', 'Artist', 'Barrie ontario canada', '44.67233474', '-80.96204286', '2014-12-20', '2014-12-20', '06:00:00', '18:00:00', 2, 1, 'blades_8.gif', 0, 0, 0),
(1759, 2, 'ieUxBtla', 'test', '', '', 'Artist', 'Barrie ontario canada', '43.4340674', '-79.54590559', '2014-12-21', '2014-12-21', '07:00:00', '19:00:00', 1, 1, 'blades_8.gif', 0, 0, 0),
(1760, 2, 'qIwlJVGv', 'test', '', '', 'Artist', 'Barrie ontario canada', '44.06532882', '-81.44718507', '2014-12-22', '2014-12-22', '08:00:00', '20:00:00', 3, 1, 'blades_8.gif', 0, 0, 0),
(1761, 2, 'iBpSBfQW', 'test', '', '', 'Artist', 'Barrie ontario canada', '44.33041193', '-79.933535', '2014-12-23', '2014-12-23', '09:00:00', '21:00:00', 1, 1, 'blades_8.gif', 0, 0, 0),
(1762, 2, 'rOcLGdrB', 'test', '', '', 'Artist', 'Barrie ontario canada', '45.1881042', '-80.71712487', '2014-12-24', '2014-12-24', '10:00:00', '22:00:00', 1, 1, 'blades_8.gif', 0, 0, 0),
(1763, 2, 'LfnbpxwO', 'test', '', '', 'Artist', 'Barrie ontario canada', '44.80390626', '-78.44664549', '2014-12-25', '2014-12-25', '11:00:00', '23:00:00', 3, 1, 'blades_8.gif', 0, 0, 0),
(1764, 2, 'KlWm  pOgk', 'test', '', '', 'Artist', 'Barrie ontario canada', '44.7148261', '-80.72493356', '2014-12-26', '2014-12-26', '12:00:00', '00:00:00', 5, 1, 'blades_8.gif', 0, 0, 0),
(1765, 2, 'GGrKHiM  v', 'test', '', '', 'Artist', 'Barrie ontario canada', '44.35701234', '-80.07727116', '2014-12-27', '2014-12-27', '13:00:00', '01:00:00', 1, 1, 'blades_8.gif', 0, 0, 0),
(1766, 2, 'NIfxcOUp', 'test', '', '', 'Artist', 'Barrie ontario canada', '45.35574778', '-79.85672842', '2014-12-28', '2014-12-28', '14:00:00', '02:00:00', 5, 1, 'blades_8.gif', 0, 0, 0),
(1767, 2, 'HytzvEM  e', 'test', '', '', 'Artist', 'Barrie ontario canada', '44.50855348', '-78.58884343', '2014-12-29', '2014-12-29', '15:00:00', '03:00:00', 5, 1, 'blades_8.gif', 0, 0, 0),
(1768, 2, 'cVIDURCk', 'test', '', '', 'Artist', 'Barrie ontario canada', '45.28550937', '-79.34409443', '2014-12-30', '2014-12-30', '16:00:00', '04:00:00', 5, 1, 'blades_8.gif', 0, 0, 0),
(1769, 2, 'tprQkzUg', 'test', '', '', 'Artist', 'Barrie ontario canada', '44.1201242', '-80.41377376', '2014-12-31', '2014-12-31', '17:00:00', '05:00:00', 2, 1, 'blades_8.gif', 0, 0, 0),
(1770, 2, 'RbwlNnWg', 'test', '', '', 'Artist', 'Barrie ontario canada', '44.92262486', '-78.74908376', '2015-01-01', '2015-01-01', '18:00:00', '06:00:00', 1, 1, 'blades_8.gif', 0, 0, 0),
(1771, 2, 'HVQttLGW', 'test', '', '', 'Artist', 'Barrie ontario canada', '44.40574821', '-79.69315976', '2015-01-02', '2015-01-02', '19:00:00', '07:00:00', 4, 1, 'blades_8.gif', 0, 0, 0),
(1772, 2, 'abhFKNNE', 'test', '', '', 'Artist', 'Barrie ontario canada', '43.37400811', '-80.09547468', '2015-01-03', '2015-01-03', '20:00:00', '08:00:00', 3, 1, 'blades_8.gif', 0, 0, 0),
(1773, 2, 'FtdhAkwF', 'test', '', '', 'Artist', 'Barrie ontario canada', '44.89345925', '-78.7850856', '2015-01-04', '2015-01-04', '21:00:00', '09:00:00', 2, 1, 'blades_8.gif', 0, 0, 0),
(1774, 2, 'NhqjTgQS', 'test', '', '', 'Artist', 'Barrie ontario canada', '44.70263785', '-80.61995765', '2015-01-05', '2015-01-05', '22:00:00', '10:00:00', 5, 1, 'blades_8.gif', 0, 0, 0),
(1775, 2, 'UbpxvM  DH', 'test', '', '', 'Artist', 'Barrie ontario canada', '44.84675384', '-81.06355586', '2015-01-06', '2015-01-06', '23:00:00', '11:00:00', 3, 1, 'blades_8.gif', 0, 0, 0),
(1776, 2, 'DVagDGwp', 'test', '', '', 'Artist', 'Barrie ontario canada', '43.95460537', '-80.39930727', '2015-01-07', '2015-01-07', '00:00:00', '12:00:00', 4, 1, 'blades_8.gif', 0, 0, 0),
(1777, 2, 'm  nDkm  EqN', 'test', '', '', 'Artist', 'Barrie ontario canada', '43.74636297', '-79.58941934', '2015-01-08', '2015-01-08', '01:00:00', '13:00:00', 3, 1, 'blades_8.gif', 0, 0, 0),
(1778, 2, 'WCSNoeAt', 'test', '', '', 'Artist', 'Barrie ontario canada', '43.62242128', '-78.82180443', '2015-01-09', '2015-01-09', '02:00:00', '14:00:00', 2, 1, 'blades_8.gif', 0, 0, 0),
(1779, 2, 'uPWuejJd', 'test', '', '', 'Artist', 'Barrie ontario canada', '44.9723653', '-81.07401723', '2015-01-10', '2015-01-10', '03:00:00', '15:00:00', 4, 1, 'blades_8.gif', 0, 0, 0),
(1780, 2, 'gwSiinSI', 'test', '', '', 'Artist', 'Barrie ontario canada', '44.91198581', '-79.16627636', '2015-01-11', '2015-01-11', '04:00:00', '16:00:00', 3, 1, 'blades_8.gif', 0, 0, 0),
(1781, 2, 'LJrEWfDG', 'test', '', '', 'Artist', 'Barrie ontario canada', '45.05143913', '-80.05552964', '2015-01-12', '2015-01-12', '05:00:00', '17:00:00', 4, 1, 'blades_8.gif', 0, 0, 0),
(1782, 2, 'AIPjtuQd', 'test', '', '', 'Artist', 'Barrie ontario canada', '43.46701345', '-79.51925546', '2015-01-13', '2015-01-13', '06:00:00', '18:00:00', 5, 1, 'blades_8.gif', 0, 0, 0),
(1783, 2, 'KCDoGvlQ', 'test', '', '', 'Artist', 'Barrie ontario canada', '45.7096565', '-79.37507856', '2015-01-14', '2015-01-14', '07:00:00', '19:00:00', 5, 1, 'blades_8.gif', 0, 0, 0),
(1784, 2, 'CpNfixTi', 'test', '', '', 'Artist', 'Barrie ontario canada', '43.89186621', '-80.67613426', '2015-01-15', '2015-01-15', '08:00:00', '20:00:00', 3, 1, 'blades_8.gif', 0, 0, 0),
(1785, 2, 'dRjpaewW', 'test', '', '', 'Artist', 'Barrie ontario canada', '43.52374414', '-78.35686056', '2015-01-16', '2015-01-16', '09:00:00', '21:00:00', 4, 1, 'blades_8.gif', 0, 0, 0),
(1786, 2, 'DbsM  LxdU', 'test', '', '', 'Artist', 'Barrie ontario canada', '44.09715032', '-80.23389902', '2015-01-17', '2015-01-17', '10:00:00', '22:00:00', 4, 1, 'blades_8.gif', 0, 0, 0),
(1787, 2, 'BSQFBRKf', 'test', '', '', 'Artist', 'Barrie ontario canada', '44.30846566', '-81.46593998', '2015-01-18', '2015-01-18', '11:00:00', '23:00:00', 3, 1, 'blades_8.gif', 0, 0, 0),
(1788, 2, 'pm  qQpbkT', 'test', '', '', 'Artist', 'Barrie ontario canada', '44.49018124', '-80.09228113', '2015-01-19', '2015-01-19', '12:00:00', '00:00:00', 5, 1, 'blades_8.gif', 0, 0, 0),
(1789, 2, 'bsNPNzkz', 'test', '', '', 'Artist', 'Barrie ontario canada', '45.28576967', '-80.56774856', '2015-01-20', '2015-01-20', '13:00:00', '01:00:00', 3, 1, 'blades_8.gif', 0, 0, 0),
(1790, 2, 'TeIkTbtQ', 'test', '', '', 'Artist', 'Barrie ontario canada', '44.81994129', '-78.24710464', '2015-01-21', '2015-01-21', '14:00:00', '02:00:00', 4, 1, 'blades_8.gif', 0, 0, 0),
(1791, 2, 'faIxnUUS', 'test', '', '', 'Artist', 'Barrie ontario canada', '44.9415259', '-80.1841128', '2015-01-22', '2015-01-22', '15:00:00', '03:00:00', 4, 1, 'blades_8.gif', 0, 0, 0),
(1792, 2, 'HHrM  M  EKR', 'test', '', '', 'Artist', 'Barrie ontario canada', '43.92396947', '-78.58328108', '2015-01-23', '2015-01-23', '16:00:00', '04:00:00', 1, 1, 'blades_8.gif', 0, 0, 0),
(1793, 2, 'gdSrckRP', 'test', '', '', 'Artist', 'Barrie ontario canada', '43.42744067', '-78.49584731', '2015-01-24', '2015-01-24', '17:00:00', '05:00:00', 2, 1, 'blades_8.gif', 0, 0, 0),
(1794, 2, 'yaAFBTVd', 'test', '', '', 'Artist', 'Barrie ontario canada', '44.77388757', '-79.61954496', '2015-01-25', '2015-01-25', '18:00:00', '06:00:00', 1, 1, 'blades_8.gif', 0, 0, 0),
(1795, 2, 'tOSbxoWg', 'test', '', '', 'Artist', 'Barrie ontario canada', '43.10573768', '-80.23305755', '2015-01-26', '2015-01-26', '19:00:00', '07:00:00', 2, 1, 'blades_8.gif', 0, 0, 0),
(1796, 2, 'EM  aKIm  hV', 'test', '', '', 'Artist', 'Barrie ontario canada', '44.76607318', '-77.89552987', '2015-01-27', '2015-01-27', '20:00:00', '08:00:00', 3, 1, 'blades_8.gif', 0, 0, 0),
(1797, 2, 'wqpDcwhq', 'test', '', '', 'Artist', 'Barrie ontario canada', '44.28781942', '-79.5028786', '2015-01-28', '2015-01-28', '21:00:00', '09:00:00', 5, 1, 'blades_8.gif', 0, 0, 0),
(1798, 2, 'keNM  wVum  ', 'test', '', '', 'Artist', 'Barrie ontario canada', '45.131918', '-79.36818357', '2015-01-29', '2015-01-29', '22:00:00', '10:00:00', 2, 1, 'blades_8.gif', 0, 0, 0),
(1799, 2, 'WiSaqEdB', 'test', '', '', 'Artist', 'Barrie ontario canada', '45.16693664', '-78.46302713', '2015-01-30', '2015-01-30', '23:00:00', '11:00:00', 3, 1, 'blades_8.gif', 0, 0, 0),
(1800, 2, 'zWqHxpjU', 'test', '', '', 'Artist', 'Barrie ontario canada', '44.16917909', '-80.34082313', '2015-01-31', '2015-01-31', '00:00:00', '12:00:00', 1, 1, 'blades_8.gif', 0, 0, 0),
(1801, 2, 'jgfeiCup', 'test', '', '', 'Artist', 'Barrie ontario canada', '45.25323127', '-79.71797835', '2015-02-01', '2015-02-01', '01:00:00', '13:00:00', 1, 1, 'blades_8.gif', 0, 0, 0),
(1802, 2, 'qLOM  xcNR', 'test', '', '', 'Artist', 'Barrie ontario canada', '44.23664614', '-79.4520059', '2015-02-02', '2015-02-02', '02:00:00', '14:00:00', 4, 1, 'blades_8.gif', 0, 0, 0),
(1803, 2, 'cBFCTTNn', 'test', '', '', 'Artist', 'Barrie ontario canada', '44.00494074', '-80.39208881', '2015-02-03', '2015-02-03', '03:00:00', '15:00:00', 3, 1, 'blades_8.gif', 0, 0, 0),
(1804, 2, 'USGFm  nGw', 'test', '', '', 'Artist', 'Barrie ontario canada', '45.24442353', '-80.77137312', '2015-02-04', '2015-02-04', '04:00:00', '16:00:00', 4, 1, 'blades_8.gif', 0, 0, 0),
(1805, 2, 'pkheWGtV', 'test', '', '', 'Artist', 'Barrie ontario canada', '44.09728758', '-78.92261041', '2015-02-05', '2015-02-05', '05:00:00', '17:00:00', 4, 1, 'blades_8.gif', 0, 0, 0),
(1806, 2, 'HxstQhis', 'test', '', '', 'Artist', 'Barrie ontario canada', '44.54104887', '-78.64974871', '2015-02-06', '2015-02-06', '06:00:00', '18:00:00', 2, 1, 'blades_8.gif', 0, 0, 0),
(1807, 2, 'uSoKORUd', 'test', '', '', 'Artist', 'Barrie ontario canada', '43.48549609', '-78.76086939', '2015-02-07', '2015-02-07', '07:00:00', '19:00:00', 3, 1, 'blades_8.gif', 0, 0, 0),
(1808, 2, 'zttPcFfG', 'test', '', '', 'Artist', 'Barrie ontario canada', '45.37141222', '-78.60107691', '2015-02-08', '2015-02-08', '08:00:00', '20:00:00', 3, 1, 'blades_8.gif', 0, 0, 0),
(1809, 2, 'THDVcrFg', 'test', '', '', 'Artist', 'Barrie ontario canada', '43.46087168', '-79.31736053', '2015-02-09', '2015-02-09', '09:00:00', '21:00:00', 1, 1, 'blades_8.gif', 0, 0, 0),
(1810, 2, 'LvPUhVtc', 'test', '', '', 'Artist', 'Barrie ontario canada', '43.74024723', '-80.36957002', '2015-02-10', '2015-02-10', '10:00:00', '22:00:00', 2, 1, 'blades_8.gif', 0, 0, 0),
(1811, 2, 'enhQUeGa', 'test', '', '', 'Artist', 'Barrie ontario canada', '45.12081962', '-80.23436965', '2015-02-11', '2015-02-11', '11:00:00', '23:00:00', 2, 1, 'blades_8.gif', 0, 0, 0),
(1812, 2, 'fwaFjbAH', 'test', '', '', 'Artist', 'Barrie ontario canada', '43.56288783', '-80.24933889', '2015-02-12', '2015-02-12', '12:00:00', '00:00:00', 2, 1, 'blades_8.gif', 0, 0, 0),
(1813, 2, 'LJtNQPHR', 'test', '', '', 'Artist', 'Barrie ontario canada', '44.5428522', '-80.41755946', '2015-02-13', '2015-02-13', '13:00:00', '01:00:00', 3, 1, 'blades_8.gif', 0, 0, 0),
(1814, 2, 'qbgDBbwk', 'test', '', '', 'Artist', 'Barrie ontario canada', '45.56852664', '-80.52336445', '2015-02-14', '2015-02-14', '14:00:00', '02:00:00', 4, 1, 'blades_8.gif', 0, 0, 0),
(1815, 2, 'GGpDbsNS', 'test', '', '', 'Artist', 'Barrie ontario canada', '44.07970159', '-79.9260994', '2015-02-15', '2015-02-15', '15:00:00', '03:00:00', 1, 1, 'blades_8.gif', 0, 0, 0),
(1816, 2, 'eKweefqq', 'test', '', '', 'Artist', 'Barrie ontario canada', '43.15911503', '-80.34652736', '2015-02-16', '2015-02-16', '16:00:00', '04:00:00', 2, 1, 'blades_8.gif', 0, 0, 0),
(1817, 2, 'Goxzim  Op', 'test', '', '', 'Artist', 'Barrie ontario canada', '43.10825318', '-79.56121955', '2015-02-17', '2015-02-17', '17:00:00', '05:00:00', 3, 1, 'blades_8.gif', 0, 0, 0),
(1818, 2, 'gJlaoyBs', 'test', '', '', 'Artist', 'Barrie ontario canada', '45.43036863', '-78.75284028', '2015-02-18', '2015-02-18', '18:00:00', '06:00:00', 2, 1, 'blades_8.gif', 0, 0, 0),
(1819, 2, 'gBsm  haDT', 'test', '', '', 'Artist', 'Barrie ontario canada', '43.7909423', '-80.85579378', '2015-02-19', '2015-02-19', '19:00:00', '07:00:00', 2, 1, 'blades_8.gif', 0, 0, 0),
(1820, 2, 'Orovncvc', 'test', '', '', 'Artist', 'Barrie ontario canada', '45.28656486', '-80.13926954', '2015-02-20', '2015-02-20', '20:00:00', '08:00:00', 1, 1, 'blades_8.gif', 0, 0, 0),
(1821, 2, 'SuptWLPU', 'test', '', '', 'Artist', 'Barrie ontario canada', '44.01741228', '-79.52005517', '2015-02-21', '2015-02-21', '21:00:00', '09:00:00', 1, 1, 'blades_8.gif', 0, 0, 0),
(1822, 2, 'jfVzHPis', 'test', '', '', 'Artist', 'Barrie ontario canada', '45.30153298', '-80.90162273', '2015-02-22', '2015-02-22', '22:00:00', '10:00:00', 5, 1, 'blades_8.gif', 0, 0, 0),
(1823, 2, 'sIsLJopG', 'test', '', '', 'Artist', 'Barrie ontario canada', '45.58510765', '-79.34687742', '2015-02-23', '2015-02-23', '23:00:00', '11:00:00', 3, 1, 'blades_8.gif', 0, 0, 0),
(1824, 2, 'rPgivHgD', 'test', '', '', 'Artist', 'Barrie ontario canada', '43.88496508', '-80.95716077', '2015-02-24', '2015-02-24', '00:00:00', '12:00:00', 3, 1, 'blades_8.gif', 0, 0, 0),
(1825, 2, 'BauaOcNQ', 'test', '', '', 'Artist', 'Barrie ontario canada', '44.56344313', '-80.68935784', '2015-02-25', '2015-02-25', '01:00:00', '13:00:00', 2, 1, 'blades_8.gif', 0, 0, 0),
(1826, 2, 'STSLdejK', 'test', '', '', 'Artist', 'Barrie ontario canada', '44.00824291', '-80.38308058', '2015-02-26', '2015-02-26', '02:00:00', '14:00:00', 1, 1, 'blades_8.gif', 0, 0, 0),
(1827, 2, 'frxm  QAga', 'test', '', '', 'Artist', 'Barrie ontario canada', '44.86591558', '-80.76380307', '2015-02-27', '2015-02-27', '03:00:00', '15:00:00', 3, 1, 'blades_8.gif', 0, 0, 0),
(1828, 2, 'IyqiScwi', 'test', '', '', 'Artist', 'Barrie ontario canada', '43.95208336', '-81.21696698', '2015-02-28', '2015-02-28', '04:00:00', '16:00:00', 1, 1, 'blades_8.gif', 0, 0, 0),
(1829, 2, 'vJnm  uppE', 'test', '', '', 'Artist', 'Barrie ontario canada', '43.23373602', '-79.88641542', '2015-03-01', '2015-03-01', '05:00:00', '17:00:00', 1, 1, 'blades_8.gif', 0, 0, 0),
(1830, 2, 'ibEWgGRx', 'test', '', '', 'Artist', 'Barrie ontario canada', '44.03690075', '-79.73026617', '2015-03-02', '2015-03-02', '06:00:00', '18:00:00', 5, 1, 'blades_8.gif', 0, 0, 0),
(1831, 2, 'JhDDhTlt', 'test', '', '', 'Artist', 'Barrie ontario canada', '43.39216443', '-80.16829677', '2015-03-03', '2015-03-03', '07:00:00', '19:00:00', 2, 1, 'blades_8.gif', 0, 0, 0),
(1832, 2, 'ooCWiUjh', 'test', '', '', 'Artist', 'Barrie ontario canada', '43.84930055', '-78.67512554', '2015-03-04', '2015-03-04', '08:00:00', '20:00:00', 3, 1, 'blades_8.gif', 0, 0, 0);
INSERT INTO `tbl_events` (`event_id`, `user_id`, `event_title`, `event_description`, `event_website`, `event_tickets`, `event_creator_type`, `event_location`, `event_lat`, `event_lon`, `event_start_date`, `event_end_date`, `event_start_time`, `event_end_time`, `event_cat`, `event_sub_cat`, `event_image`, `event_min_age`, `event_type`, `event_claim`) VALUES
(1833, 2, 'hpfEM  cSu', 'test', '', '', 'Artist', 'Barrie ontario canada', '44.53933449', '-80.29465881', '2015-03-05', '2015-03-05', '09:00:00', '21:00:00', 1, 1, 'blades_8.gif', 0, 0, 0),
(1834, 2, 'ppGtVGtb', 'test', '', '', 'Artist', 'Barrie ontario canada', '44.01630628', '-80.99992163', '2015-03-06', '2015-03-06', '10:00:00', '22:00:00', 4, 1, 'blades_8.gif', 0, 0, 0),
(1835, 2, 'SvyhpfBy', 'test', '', '', 'Artist', 'Barrie ontario canada', '43.9986825', '-79.56629269', '2015-03-07', '2015-03-07', '11:00:00', '23:00:00', 2, 1, 'blades_8.gif', 0, 0, 0),
(1836, 2, 'PJdkM  ruW', 'test', '', '', 'Artist', 'Barrie ontario canada', '44.04949019', '-78.43445772', '2015-03-08', '2015-03-08', '12:00:00', '00:00:00', 1, 1, 'blades_8.gif', 0, 0, 0),
(1837, 2, 'HwlNofGa', 'test', '', '', 'Artist', 'Barrie ontario canada', '44.77425672', '-78.90462122', '2015-03-09', '2015-03-09', '13:00:00', '01:00:00', 1, 1, 'blades_8.gif', 0, 0, 0),
(1838, 2, 'bfvToHBM  ', 'test', '', '', 'Artist', 'Barrie ontario canada', '44.28876134', '-79.81161075', '2015-03-10', '2015-03-10', '14:00:00', '02:00:00', 3, 1, 'blades_8.gif', 0, 0, 0),
(1839, 2, 'jFEjeRgb', 'test', '', '', 'Artist', 'Barrie ontario canada', '43.29179008', '-80.32340131', '2015-03-11', '2015-03-11', '15:00:00', '03:00:00', 5, 1, 'blades_8.gif', 0, 0, 0),
(1840, 2, 'KGagCBdH', 'test', '', '', 'Artist', 'Barrie ontario canada', '43.32806166', '-78.64517422', '2015-03-12', '2015-03-12', '16:00:00', '04:00:00', 4, 1, 'blades_8.gif', 0, 0, 0),
(1841, 2, 'jSTVaiNy', 'test', '', '', 'Artist', 'Barrie ontario canada', '43.77421289', '-78.03002026', '2015-03-13', '2015-03-13', '17:00:00', '05:00:00', 5, 1, 'blades_8.gif', 0, 0, 0),
(1842, 2, 'fbNVvndz', 'test', '', '', 'Artist', 'Barrie ontario canada', '45.37707838', '-79.97707599', '2015-03-14', '2015-03-14', '18:00:00', '06:00:00', 2, 1, 'blades_8.gif', 0, 0, 0),
(1843, 2, 'uxhstQge', 'test', '', '', 'Artist', 'Barrie ontario canada', '44.86254311', '-78.41613637', '2015-03-15', '2015-03-15', '19:00:00', '07:00:00', 4, 1, 'blades_8.gif', 0, 0, 0),
(1844, 2, 'cWLSikzW', 'test', '', '', 'Artist', 'Barrie ontario canada', '45.10440875', '-78.57887875', '2015-03-16', '2015-03-16', '20:00:00', '08:00:00', 5, 1, 'blades_8.gif', 0, 0, 0),
(1845, 2, 'tWKM  FRAc', 'test', '', '', 'Artist', 'Barrie ontario canada', '45.06479252', '-81.13850574', '2015-03-17', '2015-03-17', '21:00:00', '09:00:00', 4, 1, 'blades_8.gif', 0, 0, 0),
(1846, 2, 'DPuzsrHn', 'test', '', '', 'Artist', 'Barrie ontario canada', '44.86021102', '-81.31953007', '2015-03-18', '2015-03-18', '22:00:00', '10:00:00', 1, 1, 'blades_8.gif', 0, 0, 0),
(1847, 2, 'pNcQhivF', 'test', '', '', 'Artist', 'Barrie ontario canada', '45.46983757', '-80.56946104', '2015-03-19', '2015-03-19', '23:00:00', '11:00:00', 5, 1, 'blades_8.gif', 0, 0, 0),
(1848, 2, 'THDam  jlE', 'test', '', '', 'Artist', 'Barrie ontario canada', '43.75008201', '-80.36241587', '2015-03-20', '2015-03-20', '00:00:00', '12:00:00', 4, 1, 'blades_8.gif', 0, 0, 0),
(1849, 2, 'sdiGLQav', 'test', '', '', 'Artist', 'Barrie ontario canada', '43.71253749', '-78.79515631', '2015-03-21', '2015-03-21', '01:00:00', '13:00:00', 2, 1, 'blades_8.gif', 0, 0, 0),
(1850, 2, 'lM  lNpiTg', 'test', '', '', 'Artist', 'Barrie ontario canada', '43.645856', '-79.00948872', '2015-03-22', '2015-03-22', '02:00:00', '14:00:00', 5, 1, 'blades_8.gif', 0, 0, 0),
(1851, 2, 'POCwyjvD', 'test', '', '', 'Artist', 'Barrie ontario canada', '44.83880031', '-80.38080397', '2015-03-23', '2015-03-23', '03:00:00', '15:00:00', 5, 1, 'blades_8.gif', 0, 0, 0),
(1852, 2, 'IHrJAAfQ', 'test', '', '', 'Artist', 'Barrie ontario canada', '44.89613532', '-78.98975635', '2015-03-24', '2015-03-24', '04:00:00', '16:00:00', 3, 1, 'blades_8.gif', 0, 0, 0),
(1853, 2, 'dKxjyVoD', 'test', '', '', 'Artist', 'Barrie ontario canada', '43.90620746', '-79.26791154', '2015-03-25', '2015-03-25', '05:00:00', '17:00:00', 5, 1, 'blades_8.gif', 0, 0, 0),
(1854, 2, 'dDM  dcceq', 'test', '', '', 'Artist', 'Barrie ontario canada', '43.40999018', '-78.92692385', '2015-03-26', '2015-03-26', '06:00:00', '18:00:00', 3, 1, 'blades_8.gif', 0, 0, 0),
(1855, 2, 'qKFbiPFH', 'test', '', '', 'Artist', 'Barrie ontario canada', '45.05791998', '-80.21028535', '2015-03-27', '2015-03-27', '07:00:00', '19:00:00', 2, 1, 'blades_8.gif', 0, 0, 0),
(1856, 2, 'AExCvvSj', 'test', '', '', 'Artist', 'Barrie ontario canada', '44.71893877', '-81.04802205', '2015-03-28', '2015-03-28', '08:00:00', '20:00:00', 2, 1, 'blades_8.gif', 0, 0, 0),
(1857, 2, 'oOoagDEr', 'test', '', '', 'Artist', 'Barrie ontario canada', '45.31255801', '-80.40820701', '2015-03-29', '2015-03-29', '09:00:00', '21:00:00', 4, 1, 'blades_8.gif', 0, 0, 0),
(1858, 2, 'SxGQqdsH', 'test', '', '', 'Artist', 'Barrie ontario canada', '43.28294413', '-80.70287774', '2015-03-30', '2015-03-30', '10:00:00', '22:00:00', 4, 1, 'blades_8.gif', 0, 0, 0),
(1859, 2, 'm  jnJOWvm  ', 'test', '', '', 'Artist', 'Barrie ontario canada', '44.44705988', '-80.94706856', '2015-03-31', '2015-03-31', '11:00:00', '23:00:00', 2, 1, 'blades_8.gif', 0, 0, 0),
(1860, 2, 'UVbjSWiQ', 'test', '', '', 'Artist', 'Barrie ontario canada', '44.76101805', '-80.29638781', '2015-04-01', '2015-04-01', '12:00:00', '00:00:00', 4, 1, 'blades_8.gif', 0, 0, 0),
(1861, 2, 'ROwOKm  cw', 'test', '', '', 'Artist', 'Barrie ontario canada', '45.52969837', '-79.39302703', '2015-04-02', '2015-04-02', '13:00:00', '01:00:00', 5, 1, 'blades_8.gif', 0, 0, 0),
(1862, 2, 'goeDKRjo', 'test', '', '', 'Artist', 'Barrie ontario canada', '45.18210567', '-78.25141917', '2015-04-03', '2015-04-03', '14:00:00', '02:00:00', 5, 1, 'blades_8.gif', 0, 0, 0),
(1863, 2, 'SGBPBm  Cj', 'test', '', '', 'Artist', 'Barrie ontario canada', '45.6915833', '-79.6088669', '2015-04-04', '2015-04-04', '15:00:00', '03:00:00', 4, 1, 'blades_8.gif', 0, 0, 0),
(1864, 2, 'hlHHtUzM  ', 'test', '', '', 'Artist', 'Barrie ontario canada', '43.39429458', '-79.43697155', '2015-04-05', '2015-04-05', '16:00:00', '04:00:00', 5, 1, 'blades_8.gif', 0, 0, 0),
(1865, 2, 'sABijvFP', 'test', '', '', 'Artist', 'Barrie ontario canada', '44.86063525', '-81.06837174', '2015-04-06', '2015-04-06', '17:00:00', '05:00:00', 1, 1, 'blades_8.gif', 0, 0, 0),
(1866, 2, 'oWaexeaO', 'test', '', '', 'Artist', 'Barrie ontario canada', '44.16686425', '-79.24275173', '2015-04-07', '2015-04-07', '18:00:00', '06:00:00', 2, 1, 'blades_8.gif', 0, 0, 0),
(1867, 2, 'dPcJxm  M  h', 'test', '', '', 'Artist', 'Barrie ontario canada', '44.18707382', '-79.06055441', '2015-04-08', '2015-04-08', '19:00:00', '07:00:00', 4, 1, 'blades_8.gif', 0, 0, 0),
(1868, 2, 'vIjPFIDP', 'test', '', '', 'Artist', 'Barrie ontario canada', '44.23444752', '-79.18446517', '2015-04-09', '2015-04-09', '20:00:00', '08:00:00', 5, 1, 'blades_8.gif', 0, 0, 0),
(1869, 2, 'xNFOhm  QC', 'test', '', '', 'Artist', 'Barrie ontario canada', '44.72726794', '-81.09607161', '2015-04-10', '2015-04-10', '21:00:00', '09:00:00', 5, 1, 'blades_8.gif', 0, 0, 0),
(1870, 2, 'pNdUBVfI', 'test', '', '', 'Artist', 'Barrie ontario canada', '44.88631885', '-78.33850009', '2015-04-11', '2015-04-11', '22:00:00', '10:00:00', 3, 1, 'blades_8.gif', 0, 0, 0),
(1871, 2, 'jOAm  FulP', 'test', '', '', 'Artist', 'Barrie ontario canada', '43.86189046', '-80.24520199', '2015-04-12', '2015-04-12', '23:00:00', '11:00:00', 2, 1, 'blades_8.gif', 0, 0, 0),
(1872, 2, 'zfUtiFJI', 'test', '', '', 'Artist', 'Barrie ontario canada', '44.30005277', '-78.46540328', '2015-04-13', '2015-04-13', '00:00:00', '12:00:00', 4, 1, 'blades_8.gif', 0, 0, 0),
(1873, 2, 'otcgycLH', 'test', '', '', 'Artist', 'Barrie ontario canada', '43.86192196', '-81.01712435', '2015-04-14', '2015-04-14', '01:00:00', '13:00:00', 2, 1, 'blades_8.gif', 0, 0, 0),
(1874, 2, 'hGQrkUgP', 'test', '', '', 'Artist', 'Barrie ontario canada', '45.19732588', '-80.40543504', '2015-04-15', '2015-04-15', '02:00:00', '14:00:00', 5, 1, 'blades_8.gif', 0, 0, 0),
(1875, 2, 'OCutHlhd', 'test', '', '', 'Artist', 'Barrie ontario canada', '43.5796726', '-81.03519177', '2015-04-16', '2015-04-16', '03:00:00', '15:00:00', 1, 1, 'blades_8.gif', 0, 0, 0),
(1876, 2, 'SnFuhxVr', 'test', '', '', 'Artist', 'Barrie ontario canada', '44.80378686', '-81.47801619', '2015-04-17', '2015-04-17', '04:00:00', '16:00:00', 1, 1, 'blades_8.gif', 0, 0, 0),
(1877, 2, 'UFtdgwRe', 'test', '', '', 'Artist', 'Barrie ontario canada', '43.65050423', '-79.02234882', '2015-04-18', '2015-04-18', '05:00:00', '17:00:00', 5, 1, 'blades_8.gif', 0, 0, 0),
(1878, 2, 'OM  wSksjR', 'test', '', '', 'Artist', 'Barrie ontario canada', '44.98337641', '-79.06379403', '2015-04-19', '2015-04-19', '06:00:00', '18:00:00', 3, 1, 'blades_8.gif', 0, 0, 0),
(1879, 2, 'NsxlLejG', 'test', '', '', 'Artist', 'Barrie ontario canada', '43.77686707', '-81.03897526', '2015-04-20', '2015-04-20', '07:00:00', '19:00:00', 2, 1, 'blades_8.gif', 0, 0, 0),
(1880, 2, 'LOOFKM  Gb', 'test', '', '', 'Artist', 'Barrie ontario canada', '45.17839088', '-79.14528548', '2015-04-21', '2015-04-21', '08:00:00', '20:00:00', 3, 1, 'blades_8.gif', 0, 0, 0),
(1881, 2, 'fvSm  yM  uJ', 'test', '', '', 'Artist', 'Barrie ontario canada', '44.83334431', '-80.47223963', '2015-04-22', '2015-04-22', '09:00:00', '21:00:00', 5, 1, 'blades_8.gif', 0, 0, 0),
(1882, 2, 'rFeAtuRi', 'test', '', '', 'Artist', 'Barrie ontario canada', '44.37421623', '-79.50097962', '2015-04-23', '2015-04-23', '10:00:00', '22:00:00', 3, 1, 'blades_8.gif', 0, 0, 0),
(1883, 2, 'itylKVCd', 'test', '', '', 'Artist', 'Barrie ontario canada', '44.67425805', '-81.32009132', '2015-04-24', '2015-04-24', '11:00:00', '23:00:00', 3, 1, 'blades_8.gif', 0, 0, 0),
(1884, 2, 'DKTwvQbz', 'test', '', '', 'Artist', 'Barrie ontario canada', '44.33490533', '-81.09003037', '2015-04-25', '2015-04-25', '12:00:00', '00:00:00', 5, 1, 'blades_8.gif', 0, 0, 0),
(1885, 2, 'Bktqwncu', 'test', '', '', 'Artist', 'Barrie ontario canada', '44.28406089', '-78.13832607', '2015-04-26', '2015-04-26', '13:00:00', '01:00:00', 4, 1, 'blades_8.gif', 0, 0, 0),
(1886, 2, 'VBRKfm  ak', 'test', '', '', 'Artist', 'Barrie ontario canada', '44.42695279', '-78.99321835', '2015-04-27', '2015-04-27', '14:00:00', '02:00:00', 5, 1, 'blades_8.gif', 0, 0, 0),
(1887, 2, 'eNIiIcgz', 'test', '', '', 'Artist', 'Barrie ontario canada', '44.12248756', '-79.26037508', '2015-04-28', '2015-04-28', '15:00:00', '03:00:00', 4, 1, 'blades_8.gif', 0, 0, 0),
(1888, 2, 'iqiNCvvR', 'test', '', '', 'Artist', 'Barrie ontario canada', '45.23742227', '-79.37318246', '2015-04-29', '2015-04-29', '16:00:00', '04:00:00', 4, 1, 'blades_8.gif', 0, 0, 0),
(1889, 2, 'hfegswgr', 'test', '', '', 'Artist', 'Barrie ontario canada', '43.54391012', '-79.49945633', '2015-04-30', '2015-04-30', '17:00:00', '05:00:00', 3, 1, 'blades_8.gif', 0, 0, 0),
(1890, 2, 'rLHgGRvz', 'test', '', '', 'Artist', 'Barrie ontario canada', '45.50921787', '-79.12231812', '2015-05-01', '2015-05-01', '18:00:00', '06:00:00', 3, 1, 'blades_8.gif', 0, 0, 0),
(1891, 2, 'pagBxIcg', 'test', '', '', 'Artist', 'Barrie ontario canada', '43.18140166', '-79.7667329', '2015-05-02', '2015-05-02', '19:00:00', '07:00:00', 1, 1, 'blades_8.gif', 0, 0, 0),
(1892, 2, 'Am  JNPNxb', 'test', '', '', 'Artist', 'Barrie ontario canada', '43.90167442', '-80.24760402', '2015-05-03', '2015-05-03', '20:00:00', '08:00:00', 1, 1, 'blades_8.gif', 0, 0, 0),
(1893, 2, 'HovqpDdz', 'test', '', '', 'Artist', 'Barrie ontario canada', '44.46354542', '-80.56575693', '2015-05-04', '2015-05-04', '21:00:00', '09:00:00', 1, 1, 'blades_8.gif', 0, 0, 0),
(1894, 2, 'uxkBlvwb', 'test', '', '', 'Artist', 'Barrie ontario canada', '44.50406783', '-81.56810008', '2015-05-05', '2015-05-05', '22:00:00', '10:00:00', 3, 1, 'blades_8.gif', 0, 0, 0),
(1895, 2, 'JBEwsCIO', 'test', '', '', 'Artist', 'Barrie ontario canada', '43.79071698', '-79.7626999', '2015-05-06', '2015-05-06', '23:00:00', '11:00:00', 4, 1, 'blades_8.gif', 0, 0, 0),
(1896, 2, 'bEdxjzWs', 'test', '', '', 'Artist', 'Barrie ontario canada', '44.96211436', '-79.05639574', '2015-05-07', '2015-05-07', '00:00:00', '12:00:00', 2, 1, 'blades_8.gif', 0, 0, 0),
(1897, 2, 'WKM  HeuLC', 'test', '', '', 'Artist', 'Barrie ontario canada', '43.07190372', '-79.81729801', '2015-05-08', '2015-05-08', '01:00:00', '13:00:00', 3, 1, 'blades_8.gif', 0, 0, 0),
(1898, 2, 'EpM  ToHCN', 'test', '', '', 'Artist', 'Barrie ontario canada', '43.79895771', '-80.24430472', '2015-05-09', '2015-05-09', '02:00:00', '14:00:00', 4, 1, 'blades_8.gif', 0, 0, 0),
(1899, 2, 'qkeM  ENgm  ', 'test', '', '', 'Artist', 'Barrie ontario canada', '45.33388407', '-80.86905963', '2015-05-10', '2015-05-10', '03:00:00', '15:00:00', 1, 1, 'blades_8.gif', 0, 0, 0),
(1900, 2, 'TNnVWcm  h', 'test', '', '', 'Artist', 'Barrie ontario canada', '43.74565946', '-80.70873001', '2015-05-11', '2015-05-11', '04:00:00', '16:00:00', 1, 1, 'blades_8.gif', 0, 0, 0),
(1901, 2, 'WzCtiKjL', 'test', '', '', 'Artist', 'Barrie ontario canada', '44.81214008', '-79.31204467', '2015-05-12', '2015-05-12', '05:00:00', '17:00:00', 1, 1, 'blades_8.gif', 0, 0, 0),
(1902, 2, 'jIVHyxSd', 'test', '', '', 'Artist', 'Barrie ontario canada', '44.36687739', '-79.4963097', '2015-05-13', '2015-05-13', '06:00:00', '18:00:00', 1, 1, 'blades_8.gif', 0, 0, 0),
(1903, 2, 'EUPrlhdS', 'test', '', '', 'Artist', 'Barrie ontario canada', '44.81055742', '-79.2559195', '2015-05-14', '2015-05-14', '07:00:00', '19:00:00', 2, 1, 'blades_8.gif', 0, 0, 0),
(1904, 2, 'qSAVkjpb', 'test', '', '', 'Artist', 'Barrie ontario canada', '43.20548418', '-79.60038428', '2015-05-15', '2015-05-15', '08:00:00', '20:00:00', 5, 1, 'blades_8.gif', 0, 0, 0),
(1905, 2, 'jRPBoM  da', 'test', '', '', 'Artist', 'Barrie ontario canada', '44.9870381', '-80.86671216', '2015-05-16', '2015-05-16', '09:00:00', '21:00:00', 4, 1, 'blades_8.gif', 0, 0, 0),
(1906, 2, 'NcLIkUfJ', 'test', '', '', 'Artist', 'Barrie ontario canada', '43.70177949', '-80.02993539', '2015-05-17', '2015-05-17', '10:00:00', '22:00:00', 1, 1, 'blades_8.gif', 0, 0, 0),
(1907, 2, 'prPhlKaL', 'test', '', '', 'Artist', 'Barrie ontario canada', '43.41413618', '-79.24508242', '2015-05-18', '2015-05-18', '11:00:00', '23:00:00', 3, 1, 'blades_8.gif', 0, 0, 0),
(1908, 2, 'OPLoiWtd', 'test', '', '', 'Artist', 'Barrie ontario canada', '44.39465264', '-80.40948497', '2015-05-19', '2015-05-19', '12:00:00', '00:00:00', 1, 1, 'blades_8.gif', 0, 0, 0),
(1909, 2, 'hAlChcNQ', 'test', '', '', 'Artist', 'Barrie ontario canada', '45.53618343', '-79.86600397', '2015-05-20', '2015-05-20', '13:00:00', '01:00:00', 2, 1, 'blades_8.gif', 0, 0, 0),
(1910, 2, 'RQFFpDeH', 'test', '', '', 'Artist', 'Barrie ontario canada', '44.92971152', '-78.54870188', '2015-05-21', '2015-05-21', '14:00:00', '02:00:00', 4, 1, 'blades_8.gif', 0, 0, 0),
(1911, 2, 'euM  Ifyfg', 'test', '', '', 'Artist', 'Barrie ontario canada', '44.34679406', '-79.69544254', '2015-05-22', '2015-05-22', '15:00:00', '03:00:00', 3, 1, 'blades_8.gif', 0, 0, 0),
(1912, 2, 'naiQPDzL', 'test', '', '', 'Artist', 'Barrie ontario canada', '44.2314326', '-80.71628672', '2015-05-23', '2015-05-23', '16:00:00', '04:00:00', 4, 1, 'blades_8.gif', 0, 0, 0),
(1913, 2, 'lQEANuJo', 'test', '', '', 'Artist', 'Barrie ontario canada', '43.49530749', '-80.17644331', '2015-05-24', '2015-05-24', '17:00:00', '05:00:00', 2, 1, 'blades_8.gif', 0, 0, 0),
(1914, 2, 'sUFqKJsK', 'test', '', '', 'Artist', 'Barrie ontario canada', '44.05858626', '-80.89401877', '2015-05-25', '2015-05-25', '18:00:00', '06:00:00', 2, 1, 'blades_8.gif', 0, 0, 0),
(1915, 2, 'CFxvNHch', 'test', '', '', 'Artist', 'Barrie ontario canada', '44.8592536', '-78.41341121', '2015-05-26', '2015-05-26', '19:00:00', '07:00:00', 4, 1, 'blades_8.gif', 0, 0, 0),
(1916, 2, 'GQpUNivG', 'test', '', '', 'Artist', 'Barrie ontario canada', '44.32846831', '-78.98409106', '2015-05-27', '2015-05-27', '20:00:00', '08:00:00', 2, 1, 'blades_8.gif', 0, 0, 0),
(1917, 2, 'bgDCdGgE', 'test', '', '', 'Artist', 'Barrie ontario canada', '44.84828183', '-77.92135158', '2015-05-28', '2015-05-28', '21:00:00', '09:00:00', 1, 1, 'blades_8.gif', 0, 0, 0),
(1918, 2, 'IFhM  zm  II', 'test', '', '', 'Artist', 'Barrie ontario canada', '43.67847709', '-78.17751586', '2015-05-29', '2015-05-29', '22:00:00', '10:00:00', 1, 1, 'blades_8.gif', 0, 0, 0),
(1919, 2, 'xm  NoduUw', 'test', '', '', 'Artist', 'Barrie ontario canada', '45.4549108', '-79.43777346', '2015-05-30', '2015-05-30', '23:00:00', '11:00:00', 1, 1, 'blades_8.gif', 0, 0, 0),
(1920, 2, 'uInnDfKw', 'test', '', '', 'Artist', 'Barrie ontario canada', '43.69792888', '-80.18473463', '2015-05-31', '2015-05-31', '00:00:00', '12:00:00', 2, 1, 'blades_8.gif', 0, 0, 0),
(1921, 2, 'WFjbEWfB', 'test', '', '', 'Artist', 'Barrie ontario canada', '45.03690698', '-79.67356129', '2015-06-01', '2015-06-01', '01:00:00', '13:00:00', 5, 1, 'blades_8.gif', 0, 0, 0),
(1922, 2, 'xIfuM  FPp', 'test', '', '', 'Artist', 'Barrie ontario canada', '44.39747025', '-79.50873269', '2015-06-02', '2015-06-02', '02:00:00', '14:00:00', 2, 1, 'blades_8.gif', 0, 0, 0),
(1923, 2, 'afBvznPu', 'test', '', '', 'Artist', 'Barrie ontario canada', '45.20526135', '-80.37344007', '2015-06-03', '2015-06-03', '03:00:00', '15:00:00', 1, 1, 'blades_8.gif', 0, 0, 0),
(1924, 2, 'BChbHqEd', 'test', '', '', 'Artist', 'Barrie ontario canada', '44.70771858', '-81.4067186', '2015-06-04', '2015-06-04', '04:00:00', '16:00:00', 5, 1, 'blades_8.gif', 0, 0, 0),
(1925, 2, 'AvCBdIqA', 'test', '', '', 'Artist', 'Barrie ontario canada', '44.59200037', '-79.95617904', '2015-06-05', '2015-06-05', '05:00:00', '17:00:00', 5, 1, 'blades_8.gif', 0, 0, 0),
(1926, 2, 'GKKxivEO', 'test', '', '', 'Artist', 'Barrie ontario canada', '45.50612033', '-80.32737177', '2015-06-06', '2015-06-06', '06:00:00', '18:00:00', 1, 1, 'blades_8.gif', 0, 0, 0),
(1927, 2, 'oTNlM  iAj', 'test', '', '', 'Artist', 'Barrie ontario canada', '44.44679158', '-80.71480432', '2015-06-07', '2015-06-07', '07:00:00', '19:00:00', 2, 1, 'blades_8.gif', 0, 0, 0),
(1928, 2, 'qgFLUtiI', 'test', '', '', 'Artist', 'Barrie ontario canada', '43.68475371', '-80.5331322', '2015-06-08', '2015-06-08', '08:00:00', '20:00:00', 2, 1, 'blades_8.gif', 0, 0, 0),
(1929, 2, 'WPoRzawn', 'test', '', '', 'Artist', 'Barrie ontario canada', '44.55263607', '-78.42948879', '2015-06-09', '2015-06-09', '09:00:00', '21:00:00', 5, 1, 'blades_8.gif', 0, 0, 0),
(1930, 2, 'ajWpGrNV', 'test', '', '', 'Artist', 'Barrie ontario canada', '43.44513119', '-78.51825683', '2015-06-10', '2015-06-10', '10:00:00', '22:00:00', 4, 1, 'blades_8.gif', 0, 0, 0),
(1931, 2, 'tgvOM  uKv', 'test', '', '', 'Artist', 'Barrie ontario canada', '44.64340311', '-81.26564975', '2015-06-11', '2015-06-11', '11:00:00', '23:00:00', 3, 1, 'blades_8.gif', 0, 0, 0),
(1932, 2, 'WEfKrzBn', 'test', '', '', 'Artist', 'Barrie ontario canada', '44.86123969', '-80.29085672', '2015-06-12', '2015-06-12', '12:00:00', '00:00:00', 1, 1, 'blades_8.gif', 0, 0, 0),
(1933, 2, 'GwpjavlO', 'test', '', '', 'Artist', 'Barrie ontario canada', '43.86801583', '-80.26709772', '2015-06-13', '2015-06-13', '13:00:00', '01:00:00', 3, 1, 'blades_8.gif', 0, 0, 0),
(1934, 2, 'wOLpqHua', 'test', '', '', 'Artist', 'Barrie ontario canada', '44.71709141', '-77.97982435', '2015-06-14', '2015-06-14', '14:00:00', '02:00:00', 4, 1, 'blades_8.gif', 0, 0, 0),
(1935, 2, 'QlEvm  bqC', 'test', '', '', 'Artist', 'Barrie ontario canada', '44.91083633', '-79.26639326', '2015-06-15', '2015-06-15', '15:00:00', '03:00:00', 3, 1, 'blades_8.gif', 0, 0, 0),
(1936, 2, 'UVbkWpEf', 'test', '', '', 'Artist', 'Barrie ontario canada', '43.76740889', '-80.22592705', '2015-06-16', '2015-06-16', '16:00:00', '04:00:00', 3, 1, 'blades_8.gif', 0, 0, 0),
(1937, 2, 'JnkkwEM  d', 'test', '', '', 'Artist', 'Barrie ontario canada', '45.1292883', '-78.33497233', '2015-06-17', '2015-06-17', '17:00:00', '05:00:00', 5, 1, 'blades_8.gif', 0, 0, 0),
(1938, 2, 'UBSRJTyG', 'test', '', '', 'Artist', 'Barrie ontario canada', '44.01404324', '-79.12955457', '2015-06-18', '2015-06-18', '18:00:00', '06:00:00', 5, 1, 'blades_8.gif', 0, 0, 0),
(1939, 2, 'QrjQKend', 'test', '', '', 'Artist', 'Barrie ontario canada', '45.33768882', '-80.22538083', '2015-06-19', '2015-06-19', '19:00:00', '07:00:00', 3, 1, 'blades_8.gif', 0, 0, 0),
(1940, 2, 'ypfCDnDg', 'test', '', '', 'Artist', 'Barrie ontario canada', '45.15054541', '-80.05586634', '2015-06-20', '2015-06-20', '20:00:00', '08:00:00', 4, 1, 'blades_8.gif', 0, 0, 0),
(1941, 2, 'OLsESHIu', 'test', '', '', 'Artist', 'Barrie ontario canada', '44.01215432', '-79.22307407', '2015-06-21', '2015-06-21', '21:00:00', '09:00:00', 2, 1, 'blades_8.gif', 0, 0, 0),
(1942, 2, 'cWLRgaGl', 'test', '', '', 'Artist', 'Barrie ontario canada', '43.78235191', '-79.01958366', '2015-06-22', '2015-06-22', '22:00:00', '10:00:00', 2, 1, 'blades_8.gif', 0, 0, 0),
(1943, 2, 'm  zQLlOyW', 'test', '', '', 'Artist', 'Barrie ontario canada', '43.18246114', '-79.20365464', '2015-06-23', '2015-06-23', '23:00:00', '11:00:00', 5, 1, 'blades_8.gif', 0, 0, 0),
(1944, 2, 'wqm  nGvkL', 'test', '', '', 'Artist', 'Barrie ontario canada', '43.24299844', '-78.88559859', '2015-06-24', '2015-06-24', '00:00:00', '12:00:00', 4, 1, 'blades_8.gif', 0, 0, 0),
(1945, 2, 'hyaCSJTy', 'test', '', '', 'Artist', 'Barrie ontario canada', '45.40156212', '-78.76829548', '2015-06-25', '2015-06-25', '01:00:00', '13:00:00', 2, 1, 'blades_8.gif', 0, 0, 0),
(1946, 2, 'JdkRM  ocv', 'test', '', '', 'Artist', 'Barrie ontario canada', '44.10188038', '-81.48719352', '2015-06-26', '2015-06-26', '02:00:00', '14:00:00', 1, 1, 'blades_8.gif', 0, 0, 0),
(1947, 2, 'aJDQAcGh', 'test', '', '', 'Artist', 'Barrie ontario canada', '44.24357855', '-78.6910727', '2015-06-27', '2015-06-27', '03:00:00', '15:00:00', 5, 1, 'blades_8.gif', 0, 0, 0),
(1948, 2, 'NBtpsUEn', 'test', '', '', 'Artist', 'Barrie ontario canada', '45.2550161', '-80.97793903', '2015-06-28', '2015-06-28', '04:00:00', '16:00:00', 3, 1, 'blades_8.gif', 0, 0, 0),
(1949, 2, 'xEEoCWlk', 'test', '', '', 'Artist', 'Barrie ontario canada', '44.39596539', '-79.31263493', '2015-06-29', '2015-06-29', '05:00:00', '17:00:00', 3, 1, 'blades_8.gif', 0, 0, 0),
(1950, 2, 'qdopIywN', 'test', '', '', 'Artist', 'Barrie ontario canada', '45.63779115', '-80.24877799', '2015-06-30', '2015-06-30', '06:00:00', '18:00:00', 3, 1, 'blades_8.gif', 0, 0, 0),
(1951, 2, 'EJIrHsOU', 'test', '', '', 'Artist', 'Barrie ontario canada', '43.54291378', '-80.48830241', '2015-07-01', '2015-07-01', '07:00:00', '19:00:00', 1, 1, 'blades_8.gif', 0, 0, 0),
(1952, 2, 'qM  TpLPUk', 'test', '', '', 'Artist', 'Barrie ontario canada', '44.64072786', '-79.20912633', '2015-07-02', '2015-07-02', '08:00:00', '20:00:00', 1, 1, 'blades_8.gif', 0, 0, 0),
(1953, 2, 'kttLGVRA', 'test', '', '', 'Artist', 'Barrie ontario canada', '45.34226105', '-79.15008045', '2015-07-03', '2015-07-03', '09:00:00', '21:00:00', 2, 1, 'blades_8.gif', 0, 0, 0),
(1954, 2, 'bytAzUjg', 'test', '', '', 'Artist', 'Barrie ontario canada', '45.17368857', '-79.39385373', '2015-07-04', '2015-07-04', '10:00:00', '22:00:00', 2, 1, 'blades_8.gif', 0, 0, 0),
(1955, 2, 'ffm  RHNSi', 'test', '', '', 'Artist', 'Barrie ontario canada', '43.63090658', '-80.64350357', '2015-07-05', '2015-07-05', '11:00:00', '23:00:00', 4, 1, 'blades_8.gif', 0, 0, 0),
(1956, 2, 'eVDbtTtj', 'test', '', '', 'Artist', 'Barrie ontario canada', '45.16207704', '-80.58013147', '2015-07-06', '2015-07-06', '12:00:00', '00:00:00', 1, 1, 'blades_8.gif', 0, 0, 0),
(1957, 2, 'NuFadsGj', 'test', '', '', 'Artist', 'Barrie ontario canada', '45.21102662', '-80.58773844', '2015-07-07', '2015-07-07', '13:00:00', '01:00:00', 2, 1, 'blades_8.gif', 0, 0, 0),
(1958, 2, 'TgOJhDBa', 'test', '', '', 'Artist', 'Barrie ontario canada', '43.60314923', '-80.54876321', '2015-07-08', '2015-07-08', '14:00:00', '02:00:00', 5, 1, 'blades_8.gif', 0, 0, 0),
(1959, 2, 'rJDNnSKb', 'test', '', '', 'Artist', 'Barrie ontario canada', '44.34450547', '-78.44296343', '2015-07-09', '2015-07-09', '15:00:00', '03:00:00', 5, 1, 'blades_8.gif', 0, 0, 0),
(1960, 2, 'PjtsIvcU', 'test', '', '', 'Artist', 'Barrie ontario canada', '44.03437396', '-78.60346575', '2015-07-10', '2015-07-10', '16:00:00', '04:00:00', 5, 1, 'blades_8.gif', 0, 0, 0),
(1961, 2, 'DfNHVM  cS', 'test', '', '', 'Artist', 'Barrie ontario canada', '43.63773292', '-78.162404', '2015-07-11', '2015-07-11', '17:00:00', '05:00:00', 1, 1, 'blades_8.gif', 0, 0, 0),
(1962, 2, 'shEGwm  UW', 'test', '', '', 'Artist', 'Barrie ontario canada', '44.65369773', '-79.69570767', '2015-07-12', '2015-07-12', '18:00:00', '06:00:00', 5, 1, 'blades_8.gif', 0, 0, 0),
(1963, 2, 'eyiuBBgW', 'test', '', '', 'Artist', 'Barrie ontario canada', '44.16252571', '-81.45573801', '2015-07-13', '2015-07-13', '19:00:00', '07:00:00', 5, 1, 'blades_8.gif', 0, 0, 0),
(1964, 2, 'AKgsAAfS', 'test', '', '', 'Artist', 'Barrie ontario canada', '44.61350032', '-78.66251429', '2015-07-14', '2015-07-14', '20:00:00', '08:00:00', 4, 1, 'blades_8.gif', 0, 0, 0),
(1965, 2, 'ihnRFzJb', 'test', '', '', 'Artist', 'Barrie ontario canada', '45.39751365', '-80.77373864', '2015-07-15', '2015-07-15', '21:00:00', '09:00:00', 1, 1, 'blades_8.gif', 0, 0, 0),
(1966, 2, 'WNfehydN', 'test', '', '', 'Artist', 'Barrie ontario canada', '44.59312865', '-80.75418002', '2015-07-16', '2015-07-16', '22:00:00', '10:00:00', 4, 1, 'blades_8.gif', 0, 0, 0),
(1967, 2, 'QPIVJIqB', 'test', '', '', 'Artist', 'Barrie ontario canada', '44.76572722', '-78.2884301', '2015-07-17', '2015-07-17', '23:00:00', '11:00:00', 4, 1, 'blades_8.gif', 0, 0, 0),
(1968, 2, 'OwNFM  WCV', 'test', '', '', 'Artist', 'Barrie ontario canada', '43.42421431', '-79.12652665', '2015-07-18', '2015-07-18', '00:00:00', '12:00:00', 5, 1, 'blades_8.gif', 0, 0, 0),
(1969, 2, 'dylJQkvC', 'test', '', '', 'Artist', 'Barrie ontario canada', '44.96787628', '-80.10973269', '2015-07-19', '2015-07-19', '01:00:00', '13:00:00', 1, 1, 'blades_8.gif', 0, 0, 0),
(1970, 2, 'AaviAhjy', 'test', '', '', 'Artist', 'Barrie ontario canada', '44.97677629', '-81.26653198', '2015-07-20', '2015-07-20', '02:00:00', '14:00:00', 4, 1, 'blades_8.gif', 0, 0, 0),
(1971, 2, 'TfLykDrW', 'test', '', '', 'Artist', 'Barrie ontario canada', '44.73473581', '-80.59096518', '2015-07-21', '2015-07-21', '03:00:00', '15:00:00', 3, 1, 'blades_8.gif', 0, 0, 0),
(1972, 2, 'PpVTLWEk', 'test', '', '', 'Artist', 'Barrie ontario canada', '44.81437525', '-81.45689576', '2015-07-22', '2015-07-22', '04:00:00', '16:00:00', 2, 1, 'blades_8.gif', 0, 0, 0),
(1973, 2, 'jpWWbgEG', 'test', '', '', 'Artist', 'Barrie ontario canada', '45.21059559', '-80.41048424', '2015-07-23', '2015-07-23', '05:00:00', '17:00:00', 5, 1, 'blades_8.gif', 0, 0, 0),
(1974, 2, 'vjHOcOSg', 'test', '', '', 'Artist', 'Barrie ontario canada', '45.2810681', '-80.14174526', '2015-07-24', '2015-07-24', '06:00:00', '18:00:00', 3, 1, 'blades_8.gif', 0, 0, 0),
(1975, 2, 'SiinRDqP', 'test', '', '', 'Artist', 'Barrie ontario canada', '44.60245561', '-80.62509857', '2015-07-25', '2015-07-25', '07:00:00', '19:00:00', 5, 1, 'blades_8.gif', 0, 0, 0),
(1976, 2, 'nM  gnbnm  z', 'test', '', '', 'Artist', 'Barrie ontario canada', '44.80550226', '-80.38703658', '2015-07-26', '2015-07-26', '08:00:00', '20:00:00', 1, 1, 'blades_8.gif', 0, 0, 0),
(1977, 2, 'OCtngPPH', 'test', '', '', 'Artist', 'Barrie ontario canada', '44.61118775', '-79.07456361', '2015-07-27', '2015-07-27', '09:00:00', '21:00:00', 4, 1, 'blades_8.gif', 0, 0, 0),
(1978, 2, 'SwBxIfsC', 'test', '', '', 'Artist', 'Barrie ontario canada', '45.0423752', '-79.43592025', '2015-07-28', '2015-07-28', '10:00:00', '22:00:00', 5, 1, 'blades_8.gif', 0, 0, 0),
(1979, 2, 'Nm  QBksm  f', 'test', '', '', 'Artist', 'Barrie ontario canada', '45.61012268', '-79.16863659', '2015-07-29', '2015-07-29', '11:00:00', '23:00:00', 4, 1, 'blades_8.gif', 0, 0, 0),
(1980, 2, 'M  CChcM  M  B', 'test', '', '', 'Artist', 'Barrie ontario canada', '44.61393893', '-79.48462583', '2015-07-30', '2015-07-30', '12:00:00', '00:00:00', 3, 1, 'blades_8.gif', 0, 0, 0),
(1981, 2, 'uuNNDFrP', 'test', '', '', 'Artist', 'Barrie ontario canada', '43.7000924', '-79.62650581', '2015-07-31', '2015-07-31', '13:00:00', '01:00:00', 1, 1, 'blades_8.gif', 0, 0, 0),
(1982, 2, 'jttNNFLU', 'test', '', '', 'Artist', 'Barrie ontario canada', '44.91743584', '-78.36284783', '2015-08-01', '2015-08-01', '14:00:00', '02:00:00', 4, 1, 'blades_8.gif', 0, 0, 0),
(1983, 2, 'wwRcDRCm  ', 'test', '', '', 'Artist', 'Barrie ontario canada', '45.28679154', '-80.09383434', '2015-08-02', '2015-08-02', '15:00:00', '03:00:00', 5, 1, 'blades_8.gif', 0, 0, 0),
(1984, 2, 'AVlksnls', 'test', '', '', 'Artist', 'Barrie ontario canada', '44.03158612', '-80.92088277', '2015-08-03', '2015-08-03', '16:00:00', '04:00:00', 1, 1, 'blades_8.gif', 0, 0, 0),
(1985, 2, 'hEFrSurB', 'test', '', '', 'Artist', 'Barrie ontario canada', '43.58622802', '-78.49649337', '2015-08-04', '2015-08-04', '17:00:00', '05:00:00', 2, 1, 'blades_8.gif', 0, 0, 0),
(1986, 2, 'KWLQcFey', 'test', '', '', 'Artist', 'Barrie ontario canada', '44.08736153', '-80.57593857', '2015-08-05', '2015-08-05', '18:00:00', '06:00:00', 2, 1, 'blades_8.gif', 0, 0, 0),
(1987, 2, 'm  KUyGOfd', 'test', '', '', 'Artist', 'Barrie ontario canada', '44.48412819', '-79.19367662', '2015-08-06', '2015-08-06', '19:00:00', '07:00:00', 1, 1, 'blades_8.gif', 0, 0, 0),
(1988, 2, 'bTAVkjnP', 'test', '', '', 'Artist', 'Barrie ontario canada', '43.98141766', '-80.73193755', '2015-08-07', '2015-08-07', '20:00:00', '08:00:00', 4, 1, 'blades_8.gif', 0, 0, 0),
(1989, 2, 'rorTzPIV', 'test', '', '', 'Artist', 'Barrie ontario canada', '45.36214157', '-80.51208703', '2015-08-08', '2015-08-08', '21:00:00', '09:00:00', 2, 1, 'blades_8.gif', 0, 0, 0),
(1990, 2, 'HCM  kJVHz', 'test', '', '', 'Artist', 'Barrie ontario canada', '44.38936839', '-81.21781474', '2015-08-09', '2015-08-09', '22:00:00', '10:00:00', 3, 1, 'blades_8.gif', 0, 0, 0),
(1991, 2, 'BkuuRiip', 'test', '', '', 'Artist', 'Barrie ontario canada', '44.1688618', '-79.63356064', '2015-08-10', '2015-08-10', '23:00:00', '11:00:00', 2, 1, 'blades_8.gif', 0, 0, 0),
(1992, 2, 'fCBbzyVo', 'test', '', '', 'Artist', 'Barrie ontario canada', '44.74853916', '-79.03685509', '2015-08-11', '2015-08-11', '00:00:00', '12:00:00', 3, 1, 'blades_8.gif', 0, 0, 0),
(1993, 2, 'CarIyphK', 'test', '', '', 'Artist', 'Barrie ontario canada', '43.32615914', '-79.52744098', '2015-08-12', '2015-08-12', '01:00:00', '13:00:00', 1, 1, 'blades_8.gif', 0, 0, 0),
(1994, 2, 'pqKInlsh', 'test', '', '', 'Artist', 'Barrie ontario canada', '44.14201972', '-81.2855552', '2015-08-13', '2015-08-13', '02:00:00', '14:00:00', 1, 1, 'blades_8.gif', 0, 0, 0),
(1995, 2, 'HUHAJUBU', 'test', '', '', 'Artist', 'Barrie ontario canada', '43.90528178', '-80.5202107', '2015-08-14', '2015-08-14', '03:00:00', '15:00:00', 5, 1, 'blades_8.gif', 0, 0, 0),
(1996, 2, 'eCEtdkOw', 'test', '', '', 'Artist', 'Barrie ontario canada', '44.77694898', '-79.92476379', '2015-08-15', '2015-08-15', '04:00:00', '16:00:00', 2, 1, 'blades_8.gif', 0, 0, 0),
(1997, 2, 'PPHRuuQc', 'test', '', '', 'Artist', 'Barrie ontario canada', '43.65647366', '-80.34868259', '2015-08-16', '2015-08-16', '05:00:00', '17:00:00', 1, 1, 'blades_8.gif', 0, 0, 0),
(1998, 2, 'IpwruaOd', 'test', '', '', 'Artist', 'Barrie ontario canada', '45.06418295', '-79.25987894', '2015-08-17', '2015-08-17', '06:00:00', '18:00:00', 2, 1, 'blades_8.gif', 0, 0, 0),
(1999, 2, 'PdPUlqUI', 'test', '', '', 'Artist', 'Barrie ontario canada', '44.58811327', '-80.21002766', '2015-08-18', '2015-08-18', '07:00:00', '19:00:00', 5, 1, 'blades_8.gif', 0, 0, 0),
(2000, 2, 'KDLWHwkG', 'test', '', '', 'Artist', 'Barrie ontario canada', '45.633834', '-80.4193317', '2015-08-19', '2015-08-19', '08:00:00', '20:00:00', 2, 1, 'blades_8.gif', 0, 0, 0),
(2001, 2, 'KHleJsJw', 'test', '', '', 'Artist', 'Barrie ontario canada', '44.69737272', '-81.02449762', '2015-08-20', '2015-08-20', '09:00:00', '21:00:00', 3, 1, 'blades_8.gif', 0, 0, 0),
(2002, 2, 'hrqCVbm  i', 'test', '', '', 'Artist', 'Barrie ontario canada', '44.87959723', '-79.37970366', '2015-08-21', '2015-08-21', '10:00:00', '22:00:00', 3, 1, 'blades_8.gif', 0, 0, 0),
(2003, 2, 'eWGoBQIR', 'test', '', '', 'Artist', 'Barrie ontario canada', '43.67641132', '-78.63470438', '2015-08-22', '2015-08-22', '11:00:00', '23:00:00', 2, 1, 'blades_8.gif', 0, 0, 0),
(2004, 2, 'qbetKynP', 'test', '', '', 'Artist', 'Barrie ontario canada', '45.07620018', '-81.14521588', '2015-08-23', '2015-08-23', '12:00:00', '00:00:00', 3, 1, 'blades_8.gif', 0, 0, 0),
(2005, 2, 'vGVOoVTJ', 'test', '', '', 'Artist', 'Barrie ontario canada', '43.90695804', '-79.67775154', '2015-08-24', '2015-08-24', '13:00:00', '01:00:00', 3, 1, 'blades_8.gif', 0, 0, 0),
(2006, 2, 'QgdVDeGd', 'test', '', '', 'Artist', 'Barrie ontario canada', '44.19276875', '-78.99846071', '2015-08-25', '2015-08-25', '14:00:00', '02:00:00', 2, 1, 'blades_8.gif', 0, 0, 0),
(2007, 2, 'qzBm  ChaE', 'test', '', '', 'Artist', 'Barrie ontario canada', '43.20186881', '-79.25431256', '2015-08-26', '2015-08-26', '15:00:00', '03:00:00', 2, 1, 'blades_8.gif', 0, 0, 0),
(2008, 2, 'eCFxuIlf', 'test', '', '', 'Artist', 'Barrie ontario canada', '45.21740986', '-78.35506783', '2015-08-27', '2015-08-27', '16:00:00', '04:00:00', 3, 1, 'blades_8.gif', 0, 0, 0),
(2009, 2, 'OLtGhKpp', 'test', '', '', 'Artist', 'Barrie ontario canada', '44.90000045', '-81.17452567', '2015-08-28', '2015-08-28', '17:00:00', '05:00:00', 3, 1, 'blades_8.gif', 0, 0, 0),
(2010, 2, 'EiWtcepm  ', 'test', '', '', 'Artist', 'Barrie ontario canada', '44.20613556', '-80.41106425', '2015-08-29', '2015-08-29', '18:00:00', '06:00:00', 1, 1, 'blades_8.gif', 0, 0, 0),
(2011, 2, 'pM  cSpSCi', 'test', '', '', 'Artist', 'Barrie ontario canada', '44.56316236', '-78.38919143', '2015-08-30', '2015-08-30', '19:00:00', '07:00:00', 3, 1, 'blades_8.gif', 0, 0, 0),
(2012, 2, 'gfkHOeTs', 'test', '', '', 'Artist', 'Barrie ontario canada', '43.20928935', '-79.53170923', '2015-08-31', '2015-08-31', '20:00:00', '08:00:00', 5, 1, 'blades_8.gif', 0, 0, 0),
(2013, 2, 'gyeUwxcM  ', 'test', '', '', 'Artist', 'Barrie ontario canada', '44.8225616', '-78.59024247', '2015-09-01', '2015-09-01', '21:00:00', '09:00:00', 4, 1, 'blades_8.gif', 0, 0, 0),
(2014, 2, 'NFLSnHBI', 'test', '', '', 'Artist', 'Barrie ontario canada', '43.73582997', '-80.51860045', '2015-09-02', '2015-09-02', '22:00:00', '10:00:00', 4, 1, 'blades_8.gif', 0, 0, 0),
(2015, 2, 'Suqxtxm  O', 'test', '', '', 'Artist', 'Barrie ontario canada', '43.93119439', '-78.0600042', '2015-09-03', '2015-09-03', '23:00:00', '11:00:00', 2, 1, 'blades_8.gif', 0, 0, 0),
(2016, 2, 'qm  m  wCzNA', 'test', '', '', 'Artist', 'Barrie ontario canada', '45.53543694', '-79.78068378', '2015-09-04', '2015-09-04', '00:00:00', '12:00:00', 1, 1, 'blades_8.gif', 0, 0, 0),
(2017, 2, 'lAcCNm  Ou', 'test', '', '', 'Artist', 'Barrie ontario canada', '45.58196349', '-80.01031903', '2015-09-05', '2015-09-05', '01:00:00', '13:00:00', 1, 1, 'blades_8.gif', 0, 0, 0),
(2018, 2, 'BAavhvM  C', 'test', '', '', 'Artist', 'Barrie ontario canada', '43.86036372', '-78.90871163', '2015-09-06', '2015-09-06', '02:00:00', '14:00:00', 5, 1, 'blades_8.gif', 0, 0, 0),
(2019, 2, 'BcCLcVGx', 'test', '', '', 'Artist', 'Barrie ontario canada', '43.42849926', '-78.51630001', '2015-09-07', '2015-09-07', '03:00:00', '15:00:00', 3, 1, 'blades_8.gif', 0, 0, 0),
(2020, 2, 'rqGntiEG', 'test', '', '', 'Artist', 'Barrie ontario canada', '44.98259608', '-81.18124578', '2015-09-08', '2015-09-08', '04:00:00', '16:00:00', 3, 1, 'blades_8.gif', 0, 0, 0),
(2021, 2, 'tbVJJwgl', 'test', '', '', 'Artist', 'Barrie ontario canada', '44.36397549', '-81.09314302', '2015-09-09', '2015-09-09', '05:00:00', '17:00:00', 3, 1, 'blades_8.gif', 0, 0, 0),
(2022, 2, 'NnalfQVm  ', 'test', '', '', 'Artist', 'Barrie ontario canada', '44.77865852', '-79.5059473', '2015-09-10', '2015-09-10', '06:00:00', '18:00:00', 4, 1, 'blades_8.gif', 0, 0, 0),
(2023, 2, 'sdokikAc', 'test', '', '', 'Artist', 'Barrie ontario canada', '45.43764085', '-79.49098092', '2015-09-11', '2015-09-11', '07:00:00', '19:00:00', 2, 1, 'blades_8.gif', 0, 0, 0),
(2024, 2, 'HkatWJGh', 'test', '', '', 'Artist', 'Barrie ontario canada', '44.21272348', '-78.83763879', '2015-09-12', '2015-09-12', '08:00:00', '20:00:00', 2, 1, 'blades_8.gif', 0, 0, 0),
(2025, 2, 'NzioVWag', 'test', '', '', 'Artist', 'Barrie ontario canada', '43.4039704', '-80.59193099', '2015-09-13', '2015-09-13', '09:00:00', '21:00:00', 4, 1, 'blades_8.gif', 0, 0, 0),
(2026, 2, 'CzRQGKKy', 'test', '', '', 'Artist', 'Barrie ontario canada', '43.68895246', '-79.59290237', '2015-09-14', '2015-09-14', '10:00:00', '22:00:00', 5, 1, 'blades_8.gif', 0, 0, 0),
(2027, 2, 'm  JTtngOM  ', 'test', '', '', 'Artist', 'Barrie ontario canada', '45.1273394', '-80.5435415', '2015-09-15', '2015-09-15', '11:00:00', '23:00:00', 4, 1, 'blades_8.gif', 0, 0, 0),
(2028, 2, 'vOOHSzOF', 'test', '', '', 'Artist', 'Barrie ontario canada', '44.25512948', '-78.51720618', '2015-09-16', '2015-09-16', '12:00:00', '00:00:00', 3, 1, 'blades_8.gif', 0, 0, 0),
(2029, 2, 'GtcaSzRP', 'test', '', '', 'Artist', 'Barrie ontario canada', '43.530055', '-80.3596541', '2015-09-17', '2015-09-17', '13:00:00', '01:00:00', 4, 1, 'blades_8.gif', 0, 0, 0),
(2030, 2, 'DxCwCzPI', 'test', '', '', 'Artist', 'Barrie ontario canada', '45.4491451', '-80.50521763', '2015-09-18', '2015-09-18', '14:00:00', '02:00:00', 4, 1, 'blades_8.gif', 0, 0, 0),
(2031, 2, 'aQqexdUy', 'test', '', '', 'Artist', 'Barrie ontario canada', '43.94127099', '-78.3053284', '2015-09-19', '2015-09-19', '15:00:00', '03:00:00', 5, 1, 'blades_8.gif', 0, 0, 0),
(2032, 2, 'HSxHWSCj', 'test', '', '', 'Artist', 'Barrie ontario canada', '43.83854075', '-81.29472826', '2015-09-20', '2015-09-20', '16:00:00', '04:00:00', 1, 1, 'blades_8.gif', 0, 0, 0),
(2033, 0, 'm  ErUGwnb', '', '', '', '', '', '', '', '0000-00-00', '0000-00-00', '00:00:00', '00:00:00', 2, 0, 'blades_8.gif', 0, 0, 0),
(2034, 2, 'testing', 'this is a description', 'http://www.netgainseo.com', '', 'Venue', '13 monique cres barrie ontario canada', '44.4189473', '-79.700858', '2013-01-01', '2013-01-01', '01:00:00', '15:00:00', 2, 32, 'blades_8.gif', 0, 0, 0),
(2035, 2, 'New years party', 'fdsfdsfd', '', '', 'Artist', '13 monique cres barrie ontario', '44.4189473', '-79.700858', '2012-12-31', '2013-01-01', '07:00:00', '02:00:00', 1, 2, 'blades_8.gif', 0, 0, 0),
(2036, 2, 'New years party 2', 'fd', '', '', 'Venue', '81 rawsone ave barrie ontario canada', '44.329541', '-79.6644738', '2012-12-31', '2013-01-01', '15:00:00', '07:00:00', 1, 3, 'blades_8.gif', 0, 0, 0),
(2037, 2, 'New years party 2', 'fd', '', '', 'Venue', '81 rawsone ave barrie ontario canada', '44.329541', '-79.6644738', '2012-12-31', '2013-01-01', '15:00:00', '07:00:00', 1, 3, 'blades_8.gif', 0, 1, 0),
(2038, 2, 'New years party 2', 'fd', '', '', 'Venue', '81 rawsone ave barrie ontario canada', '44.329541', '-79.6644738', '2012-12-31', '2013-01-01', '15:00:00', '07:00:00', 1, 3, 'blades_8.gif', 0, 0, 0),
(2039, 2, 'New years party 2', 'fd', '', '', 'Venue', '81 rawsone ave barrie ontario canada', '44.329541', '-79.6644738', '2012-12-31', '2013-01-01', '15:00:00', '07:00:00', 1, 3, 'blades_8.gif', 0, 0, 0),
(2040, 2, 'New years party 2', 'fd', '', '', 'Venue', '81 rawsone ave barrie ontario canada', '44.329541', '-79.6644738', '2012-12-31', '2013-01-01', '15:00:00', '07:00:00', 1, 3, 'blades_8.gif', 0, 0, 0),
(2041, 2, 'New years party 2', 'fd', '', '', 'Venue', '81 rawsone ave barrie ontario canada', '44.329541', '-79.6644738', '2012-12-31', '2013-01-01', '15:00:00', '07:00:00', 1, 3, 'blades_8.gif', 0, 0, 0),
(2042, 2, 'New years party 2', 'fd', '', '', 'Venue', '81 rawsone ave barrie ontario canada', '44.329541', '-79.6644738', '2012-12-31', '2013-01-01', '15:00:00', '07:00:00', 1, 3, 'blades_8.gif', 0, 0, 0),
(2043, 2, 'New years party 2', 'fd', '', '', 'Venue', '81 rawsone ave barrie ontario canada', '44.329541', '-79.6644738', '2012-12-31', '2013-01-01', '15:00:00', '07:00:00', 1, 3, 'blades_8.gif', 0, 0, 0),
(2044, 2, 'New years party 2', 'fd', '', '', 'Venue', '81 rawsone ave barrie ontario canada', '44.329541', '-79.6644738', '2012-12-31', '2013-01-01', '15:00:00', '07:00:00', 1, 3, 'blades_8.gif', 0, 0, 0),
(2045, 2, 'New years party 2', 'fd', '', '', 'Venue', '81 rawsone ave barrie ontario canada', '44.329541', '-79.6644738', '2012-12-31', '2013-01-01', '15:00:00', '07:00:00', 1, 3, 'blades_8.gif', 0, 0, 0),
(2046, 2, 'New years party 2', 'fd', '', '', 'Venue', '81 rawsone ave barrie ontario canada', '44.329541', '-79.6644738', '2012-12-31', '2013-01-01', '15:00:00', '07:00:00', 1, 3, 'blades_8.gif', 0, 0, 0),
(2047, 2, 'New years party 2', 'fd', '', '', 'Venue', '81 rawsone ave barrie ontario canada', '44.329541', '-79.6644738', '2012-12-31', '2013-01-01', '15:00:00', '07:00:00', 1, 3, 'blades_8.gif', 0, 0, 0),
(2048, 2, 'New years party 2', 'fd', '', '', 'Venue', '81 rawsone ave barrie ontario canada', '44.329541', '-79.6644738', '2012-12-31', '2013-01-01', '15:00:00', '07:00:00', 1, 3, 'blades_8.gif', 0, 0, 0),
(2049, 2, 'New years party 2', 'fd', '', '', 'Venue', '81 rawsone ave barrie ontario canada', '44.329541', '-79.6644738', '2012-12-31', '2013-01-01', '15:00:00', '07:00:00', 1, 3, 'blades_8.gif', 0, 0, 0),
(2050, 2, 'fsdfds', 'fdsfd', '', '', 'Artist', 'Barrie ontario canada', '44.3780902', '-79.7016159', '2013-01-01', '2013-01-01', '00:00:00', '17:00:00', 1, 1, 'blades_8.gif', 0, 0, 0),
(2051, 2, 'fdsfdsfds', 'fdsfd', '', '', 'Artist', 'toronto ontario canada', '43.653226', '-79.3831843', '2013-01-01', '2013-01-01', '00:00:00', '16:00:00', 1, 4, 'blades_8.gif', 0, 0, 0),
(2052, 2, 'fdsfdsfds', 'fdsfd', '', '', 'Artist', 'toronto ontario canada', '43.653226', '-79.3831843', '2013-01-01', '2013-01-01', '00:00:00', '16:00:00', 1, 0, 'blades_8.gif', 0, 0, 0),
(2053, 2, 'test', 'fdsfdssfds', '', '', 'Artist', '13 monique cres barrie ontario', '44.4189473', '-79.700858', '2013-01-01', '2013-01-01', '00:00:00', '23:00:00', 1, 2, 'blades_8.gif', 0, 0, 0),
(2054, 2, 'test', 'fdsfdssfds', 'fdsfd', 'fdsf', 'Artist', '13 monique cres barrie ontario', '44.4189473', '-79.700858', '2013-01-01', '2013-01-01', '00:00:00', '23:00:00', 1, 0, 'blades_8.gif', 0, 0, 0),
(2055, 2, 'test', 'fdsfdssfds', 'fdsfd', 'fdsf', 'Artist', '13 monique cres barrie ontario', '44.4189473', '-79.700858', '2013-01-01', '2013-01-01', '00:00:00', '23:00:00', 1, 0, 'blades_8.gif', 0, 0, 0),
(2056, 2, 'test', 'fdsfdssfds', 'fdsfd', 'fdsf', 'Artist', '13 monique cres barrie ontario', '44.4189473', '-79.700858', '2013-01-01', '2013-01-01', '00:00:00', '23:00:00', 1, 0, 'blades_8.gif', 0, 0, 0),
(2057, 2, 'test', 'fdsfdssfds', 'fdsfd', 'fdsf', 'Artist', '13 monique cres barrie ontario', '44.4189473', '-79.700858', '2013-01-01', '2013-01-01', '00:00:00', '23:00:00', 1, 0, 'blades_8.gif', 0, 0, 0),
(2058, 2, 'test', 'fdsfdssfds', 'fdsfd', 'fdsf', 'Artist', '13 monique cres barrie ontario', '44.4189473', '-79.700858', '2013-01-01', '2013-01-01', '00:00:00', '23:00:00', 1, 0, 'blades_8.gif', 0, 0, 0),
(2059, 2, 'test', 'fdsfdssfds', 'fdsfd', 'fdsf', 'Artist', '13 monique cres barrie ontario', '44.4189473', '-79.700858', '2013-01-01', '2013-01-01', '00:00:00', '23:00:00', 1, 0, 'blades_8.gif', 0, 0, 0),
(2060, 2, 'test', 'fdsfdssfds', 'fdsfd', 'fdsf', 'Artist', '13 monique cres barrie ontario', '44.4189473', '-79.700858', '2013-01-01', '2013-01-01', '00:00:00', '23:00:00', 1, 0, 'blades_8.gif', 0, 0, 0),
(2061, 2, 'test', 'fdsfdssfds', 'fdsfd', 'fdsf', 'Artist', '13 monique cres barrie ontario', '44.4189473', '-79.700858', '2013-01-01', '2013-01-01', '00:00:00', '23:00:00', 1, 0, 'blades_8.gif', 0, 0, 0),
(2062, 2, 'test', 'fdsfdssfds', 'fdsfd', 'fdsf', 'Artist', '13 monique cres barrie ontario', '44.4189473', '-79.700858', '2013-01-01', '2013-01-01', '00:00:00', '23:00:00', 1, 0, 'blades_8.gif', 0, 0, 0),
(2063, 2, 'test', 'fdsfdssfds', 'fdsfd', 'fdsf', 'Artist', '13 monique cres barrie ontario', '44.4189473', '-79.700858', '2013-01-01', '2013-01-01', '00:00:00', '23:00:00', 1, 0, 'blades_8.gif', 0, 0, 0),
(2064, 2, 'test', 'fdsfdssfds', 'fdsfd', 'fdsf', 'Artist', '13 monique cres barrie ontario', '44.4189473', '-79.700858', '2013-01-01', '2013-01-01', '00:00:00', '23:00:00', 1, 0, 'blades_8.gif', 0, 0, 0),
(2065, 2, 'test', 'fdsfdssfds', 'fdsfd', 'fdsf', 'Artist', '13 monique cres barrie ontario', '44.4189473', '-79.700858', '2013-01-01', '2013-01-01', '00:00:00', '23:00:00', 1, 0, 'blades_8.gif', 0, 0, 0),
(2066, 2, 'test', 'fdsfdssfds', 'fdsfd', 'fdsf', 'Artist', '13 monique cres barrie ontario', '44.4189473', '-79.700858', '2013-01-01', '2013-01-01', '00:00:00', '23:00:00', 1, 0, 'blades_8.gif', 0, 0, 0),
(2067, 2, 'test', 'fdsfdssfds', 'fdsfd', 'fdsf', 'Artist', '13 monique cres barrie ontario', '44.4189473', '-79.700858', '2013-01-01', '2013-01-01', '00:00:00', '23:00:00', 1, 0, 'blades_8.gif', 0, 0, 0),
(2068, 2, 'test', 'fdsfdssfds', 'fdsfd', 'fdsf', 'Artist', '13 monique cres barrie ontario', '44.4189473', '-79.700858', '2013-01-01', '2013-01-01', '00:00:00', '23:00:00', 1, 0, 'blades_8.gif', 0, 0, 0),
(2069, 2, 'test', 'fdsfdssfds', 'fdsfd', 'fdsf', 'Artist', '13 monique cres barrie ontario', '44.4189473', '-79.700858', '2013-01-01', '2013-01-01', '00:00:00', '23:00:00', 1, 0, 'blades_8.gif', 0, 0, 0),
(2070, 2, 'Grey Cup party', 'this is a football thing. Enjoy', '', '', 'Artist', '81 rawsone ave barrie ontario canada', '44.329541', '-79.6644738', '2013-01-01', '2013-01-01', '01:00:00', '17:00:00', 1, 0, 'blades_8.gif', 1, 0, 0),
(2071, 2, 'Grey Cup party', 'this is a football thing. Enjoy', '', '', 'Artist', '81 rawsone ave barrie ontario canada', '44.329541', '-79.6644738', '2013-01-01', '2013-01-01', '01:00:00', '17:00:00', 1, 0, 'blades_8.gif', 19, 0, 0),
(2072, 2, 'Grey Cup party', 'this is a football thing. Enjoy', '', '', 'Artist', '81 rawsone ave barrie ontario canada', '44.329541', '-79.6644738', '2013-01-01', '2013-01-01', '01:00:00', '17:00:00', 1, 0, 'blades_8.gif', 19, 1, 0),
(2073, 2, 'test', 'fdsfds', '', '', 'Venue', 'Barrie ontario canada', '44.3780902', '-79.7016159', '2013-01-01', '2013-01-01', '00:00:00', '06:00:00', 1, 5, 'blades_8.gif', 0, 0, 0),
(2075, 2, 'New Years Party 3', 'fdsfdsfdsfdsfds', '', '', 'Artist', '13 monique cres barrie ontario', '44.4189473', '-79.700858', '2012-12-31', '2013-01-01', '00:00:00', '23:00:00', 1, 2, 'blades_8.gif', 0, 0, 0),
(2076, 2, 'Christmas Party', 'fdsfd', '', '', 'Artist', '13 monique cres barrie ontario', '44.4189473', '-79.700858', '2012-12-12', '2012-12-12', '16:00:00', '02:00:00', 2, 29, 'blades_8.gif', 0, 1, 0),
(2077, 2, 'My New Event', 'fdsfds', 'http://www.netgainseo.com', 'http://www.netgainseo.com/tickets/test', 'Artist', '81 rawsone ave barrie ontario canada', '44.329541', '-79.6644738', '2013-01-01', '2013-01-01', '00:00:00', '23:00:00', 2, 31, 'blades_8.gif', 0, 0, 0),
(2078, 2, 'test add event', 'fdsfdsfds', 'http://www.netgainseo.com', 'http://www.netgainseo.com/tickets/test', 'Promoter', '81 rawsone ave barrie ontario canada', '44.329541', '-79.6644738', '2013-01-01', '2013-01-01', '00:00:00', '23:00:00', 2, 30, 'christmas-party-theming-and-entertainment.jpg', 0, 0, 0),
(2079, 2, 'test new image thing', 'Lorem ipsum dolor sit amet, consectetur adipiscing elit. Morbi vitae aliquet libero. Praesent neque ligula, malesuada in vulputate eget, condimentum in turpis. Donec tempor augue et neque hendrerit auctor ut ut tortor. Quisque nec varius est. Vivamus eu turpis a orci ultrices viverra at a diam. Sed ut pellentesque justo. Nulla velit diam, fringilla eu tincidunt ut, ullamcorper eu leo. Vestibulum sit amet orci metus, quis mollis urna. Donec mollis pulvinar diam, nec facilisis lacus scelerisque vel. Suspendisse id mauris nulla, quis convallis erat. ', 'http://www.netgainseo.com', 'http://www.netgainseo.com/tickets/test', 'Artist', 'newmarket ontario canada', '44.059187', '-79.461256', '2012-12-12', '2012-12-31', '16:00:00', '23:00:00', 1, 2, 'fun+01.jpg', 0, 1, 0),
(2080, 11, 'test event', 'fsfdsfd', '', '', 'Artist', 'china', '35.86166', '104.195397', '2013-01-01', '2013-01-01', '01:00:00', '14:00:00', 1, 1, 'blade-23-cabo.jpg', 0, 1, 0),
(2081, 11, 'London, United Kingdom', 'London, United Kingdom', '', '', 'Artist', 'London, United Kingdom', '51.5073346', '-0.1276831', '0000-00-00', '0000-00-00', '00:00:00', '00:00:00', 1, 0, '20121203_110751.jpg.jpg', 0, 1, 0),
(2082, 11, 'fdsfdsf', 'fdsfdsf', '', '', 'Artist', 'London, United Kingdom', '51.5073346', '-0.1276831', '0000-00-00', '0000-00-00', '00:00:00', '00:00:00', 1, 4, 'blade-23-safty-scalpel.jpg.jpg', 0, 1, 0),
(2083, 11, 'fdsf', 'sfdsfds', '', '', 'Promoter', 'London United Kingdom', '51.5073346', '-0.1276831', '0000-00-00', '0000-00-00', '00:00:00', '00:00:00', 1, 0, 'blades_8-new.jpg', 0, 1, 0),
(2084, 11, 'fdsfds', 'fdsfds', '', '', 'Artist', 'germany', '51.165691', '10.451526', '0000-00-00', '0000-00-00', '00:00:00', '00:00:00', 1, 0, 'Audience-9.JPG', 0, 1, 0),
(2085, 11, 'test', 'test', '', '', 'Artist', 'barrie ontario canada', '44.3780902', '-79.7016159', '2012-12-12', '0000-00-00', '00:00:00', '00:00:00', 1, 3, 'blades_8.gif', 0, 1, 0),
(2086, 11, 'testing', 'sfdsfd', '', '', 'Artist', 'London, United Kingdom', '51.5073346', '-0.1276831', '2013-01-01', '2013-01-01', '00:00:00', '00:00:00', 1, 0, 'Audience-9.JPG', 0, 1, 0),
(2087, 11, 'testing suggested event', 'fdsfdsfdsfdsfdsdfsfdsfdsfds', '', '', 'Artist', 'barrie ontario canada', '44.3780902', '-79.7016159', '2013-01-01', '2013-01-01', '01:00:00', '14:00:00', 2, 31, 'christmas-party-theming-and-entertainment.jpg', 0, 1, 0),
(2088, 11, 'testing suggested event 2', 'fdsfds', '', '', 'Artist', 'barrie ontario canada', '44.3780902', '-79.7016159', '2013-01-01', '2013-01-01', '00:00:00', '17:00:00', 5, 84, 'home.png', 0, 0, 0),
(2089, 11, 'testing suggested event 3', 'fdsfdsfd', '', '', 'Artist', 'barrie ontario canada', '44.3780902', '-79.7016159', '2013-01-01', '2013-01-01', '00:00:00', '23:00:00', 1, 2, '20121203_110751.jpg.jpg', 0, 0, 0);
INSERT INTO `tbl_events` (`event_id`, `user_id`, `event_title`, `event_description`, `event_website`, `event_tickets`, `event_creator_type`, `event_location`, `event_lat`, `event_lon`, `event_start_date`, `event_end_date`, `event_start_time`, `event_end_time`, `event_cat`, `event_sub_cat`, `event_image`, `event_min_age`, `event_type`, `event_claim`) VALUES
(2090, 2, 'Test claim event', 'Test claim event', 'http://www.netgainseo.com', 'http://www.netgainseo.com/tickets/test', 'Artist', 'newmarket ontario canada', '44.059187', '-79.461256', '2013-01-01', '2013-01-01', '00:00:00', '23:00:00', 1, 2, 'Audience-9.JPG', 18, 0, 1),
(2091, 2, 'test featured event', 'fdsfdsfdsf', '', '', 'Artist', 'Newmarket, ON, Canada', '44.059187', '-79.461256', '2013-01-01', '2013-01-01', '00:00:00', '23:00:00', 5, 0, '', 0, 1, 0),
(2092, 2, 'testing ad event', 'dsfdsfds', '', '', 'Artist', 'Newmarket, ON, Canada', '44.059187', '-79.461256', '2013-01-01', '2013-01-01', '00:00:00', '18:00:00', 4, 0, 'Audience-9.JPG', 0, 1, 0),
(2093, 2, 'testing ad event', 'fdsfdsfdsfds', '', '', 'Artist', '81 rawsone ave barrie ontario', '44.3295406', '-79.6644551', '2013-01-01', '2013-01-01', '00:00:00', '21:00:00', 4, 0, 'Wedding_rings.jpg', 0, 1, 0),
(2094, 11, 'test add evemt', 'sdffsdf', '', '', 'Artist', 'Barrie, Ontario, Canada', '44.3780902', '-79.7016159', '2013-01-01', '2013-01-01', '00:00:00', '07:00:00', 1, 2, 'abstract-hd-wallpaper3.jpg', 0, 1, 1),
(2095, 2, 'Test event', 'test', '', '', 'Venue', 'Barrie, ON, Canada', '44.3780902', '-79.7016159', '2013-01-01', '2013-01-01', '00:00:00', '14:00:00', 1, 1, 'argos_76022.jpg', 0, 1, 0),
(2096, 11, 'test', 'fgsfds', '', '', 'Venue', 'London, ON, Canada', '42.9869502', '-81.243177', '2013-01-02', '2013-01-02', '00:00:00', '18:00:00', 4, 78, 'ad_placeholder.jpg', 0, 0, 0),
(2097, 13, 'fdsfds', 'fdsfds', '', '', 'Venue', 'London, ON, Canada', '42.9869502', '-81.243177', '2031-01-06', '2031-01-28', '00:00:00', '17:00:00', 1, 0, '20121203_110751.jpg.jpg', 0, 0, 0),
(2098, 2, 'fdsfdsfds', 'fdsfd', '', '', 'Artist', 'London, ON, Canada', '42.9869502', '-81.243177', '2030-01-19', '2030-02-19', '00:00:00', '22:00:00', 4, 77, 'a.jpg', 0, 0, 0);

-- --------------------------------------------------------

--
-- Table structure for table `tbl_event_audio`
--

CREATE TABLE IF NOT EXISTS `tbl_event_audio` (
  `audio_id` int(10) unsigned NOT NULL AUTO_INCREMENT,
  `event_id` int(11) NOT NULL,
  `audio_file` varchar(250) NOT NULL,
  `audio_ext` varchar(250) NOT NULL,
  `audio_caption` varchar(250) NOT NULL,
  `featured` int(11) NOT NULL,
  PRIMARY KEY (`audio_id`)
) ENGINE=InnoDB  DEFAULT CHARSET=latin1 AUTO_INCREMENT=24 ;

--
-- Dumping data for table `tbl_event_audio`
--

INSERT INTO `tbl_event_audio` (`audio_id`, `event_id`, `audio_file`, `audio_ext`, `audio_caption`, `featured`) VALUES
(11, 2075, 'Our_Lady_Peace_Will_Someday_Change.mp3', '.mp3', 'fgsdzfgsd', 1),
(12, 2075, 'Our_Lady_Peace_Will_Someday_Change1.mp3', '.mp3', '', 0),
(13, 2075, 'Our_Lady_Peace_Window_Seat.mp3', '.mp3', '', 0),
(14, 2076, 'Our_Lady_Peace_As_Fast_As_You_Can.mp3', '.mp3', 'Clip 1', 1),
(15, 2074, 'Our_Lady_Peace_Heavyweight.mp3', '.mp3', '', 0),
(16, 2074, 'Our_Lady_Peace_Window_Seat.mp3', '.mp3', '', 1),
(17, 2074, 'Our_Lady_Peace_Mettle.mp3', '.mp3', 'fdsfdsfds', 0),
(18, 2077, 'Our_Lady_Peace_Fire_In_The_Henhouse.mp3', '.mp3', '', 0),
(19, 2078, 'Our_Lady_Peace_Fire_In_The_Henhouse.mp3', '.mp3', '', 1),
(20, 2074, 'Our_Lady_Peace_Window_Seat1.mp3', '.mp3', '', 0),
(21, 2079, 'Our_Lady_Peace_Window_Seat.mp3', '.mp3', 'fdsfdsfd', 1),
(22, 2079, 'Our_Lady_Peace_As_Fast_As_You_Can.mp3', '.mp3', 'dfsfd', 0),
(23, 2079, 'Our_Lady_Peace_Allowance.mp3', '.mp3', 'fdsdfs', 0);

-- --------------------------------------------------------

--
-- Table structure for table `tbl_event_categories`
--

CREATE TABLE IF NOT EXISTS `tbl_event_categories` (
  `cat_id` int(10) unsigned NOT NULL AUTO_INCREMENT,
  `cat_name` varchar(250) NOT NULL,
  `cat_icon` varchar(250) NOT NULL,
  PRIMARY KEY (`cat_id`)
) ENGINE=InnoDB  DEFAULT CHARSET=latin1 AUTO_INCREMENT=6 ;

--
-- Dumping data for table `tbl_event_categories`
--

INSERT INTO `tbl_event_categories` (`cat_id`, `cat_name`, `cat_icon`) VALUES
(1, 'Music', 'music.png'),
(2, 'Theatre & Film', 'film.png'),
(3, 'Art & Writing', 'art.png'),
(4, 'Comedy', 'comedy.png'),
(5, 'Fashion', 'fashion.png');

-- --------------------------------------------------------

--
-- Table structure for table `tbl_event_categories_sub`
--

CREATE TABLE IF NOT EXISTS `tbl_event_categories_sub` (
  `sub_cat_id` int(10) unsigned NOT NULL AUTO_INCREMENT,
  `cat_id` int(11) NOT NULL,
  `sub_cat_name` varchar(250) NOT NULL,
  PRIMARY KEY (`sub_cat_id`)
) ENGINE=InnoDB  DEFAULT CHARSET=latin1 AUTO_INCREMENT=99 ;

--
-- Dumping data for table `tbl_event_categories_sub`
--

INSERT INTO `tbl_event_categories_sub` (`sub_cat_id`, `cat_id`, `sub_cat_name`) VALUES
(0, 0, 'NA'),
(1, 1, 'Alternative'),
(2, 1, 'Blues'),
(3, 1, 'Children''s'),
(4, 1, 'Classical'),
(5, 1, 'Comedy'),
(6, 1, 'Country'),
(7, 1, 'Dance'),
(8, 1, 'Easy-Listening'),
(9, 1, 'Electronic'),
(10, 1, 'Folk'),
(11, 1, 'Hip Hop'),
(12, 1, 'Holiday'),
(13, 1, 'Indie'),
(14, 1, 'Instrumental'),
(15, 1, 'Jazz'),
(16, 1, 'Metal'),
(17, 1, 'New Age'),
(18, 1, 'Opera'),
(19, 1, 'Pop'),
(20, 1, 'Punk'),
(21, 1, 'R&B/Soul'),
(22, 1, 'Raggae'),
(23, 1, 'Rap'),
(24, 1, 'Religious'),
(25, 1, 'Rock'),
(26, 1, 'Soundtrack'),
(27, 1, 'Vocal'),
(28, 1, 'World'),
(29, 2, 'Action'),
(30, 2, 'Adventure'),
(31, 2, 'Animation'),
(32, 2, 'Biography'),
(33, 2, 'Comedy'),
(34, 2, 'Crime'),
(35, 2, 'Documentary'),
(36, 2, 'Drama'),
(37, 2, 'Family'),
(38, 2, ' Fantasy'),
(39, 2, 'Film-Noir'),
(40, 2, 'Game-Show'),
(41, 2, 'History	Horror'),
(42, 2, 'Music'),
(43, 2, 'Musical'),
(44, 2, 'Mystery	News'),
(45, 2, 'Reality-TV'),
(46, 2, 'Romance'),
(47, 2, 'Sci-Fi'),
(48, 2, 'Sport'),
(49, 2, 'Talk-Show'),
(50, 2, 'Thriller'),
(51, 2, 'War'),
(52, 2, 'Western'),
(53, 2, 'Other'),
(55, 3, 'Architecture'),
(56, 3, 'Crafts/Decorative'),
(57, 3, 'Cartoons & Comics'),
(58, 3, 'Drawing & Illustration'),
(59, 3, 'Industrial Design'),
(60, 3, 'Interior Design'),
(61, 3, 'Painting'),
(62, 3, 'Performance'),
(63, 3, 'Print-Making'),
(64, 3, 'Sculpture/Installation'),
(65, 3, 'Wood Working/Furniture'),
(66, 3, 'Other'),
(68, 3, 'Cartoons & Comics'),
(69, 3, 'Fiction'),
(70, 3, 'Journalism/Blogging'),
(71, 3, 'Non-Fiction'),
(72, 3, 'Poetry'),
(73, 3, 'Screenwriting/Playwriting'),
(74, 3, 'Songwriting'),
(76, 4, 'Improvisation'),
(77, 4, 'Musical'),
(78, 4, 'Sketch'),
(79, 4, 'Stand Up'),
(80, 4, 'Other'),
(81, 5, 'Casual'),
(82, 5, 'Classic'),
(83, 5, 'Country'),
(84, 5, 'Formal'),
(85, 5, 'Glamour'),
(86, 5, 'Punk/Gothic/Emo'),
(87, 5, 'High Fashion'),
(88, 5, 'Preppy'),
(89, 5, 'Sporty'),
(90, 5, 'Urban'),
(91, 5, 'Vintage'),
(92, 5, 'Other'),
(93, 3, 'Photography'),
(94, 5, 'Trendy'),
(95, 5, 'Modern'),
(96, 5, 'Cultural'),
(97, 5, 'Boho'),
(98, 5, 'Summer/Beach');

-- --------------------------------------------------------

--
-- Table structure for table `tbl_event_favourites`
--

CREATE TABLE IF NOT EXISTS `tbl_event_favourites` (
  `fav_id` int(10) unsigned NOT NULL AUTO_INCREMENT,
  `event_id` int(11) NOT NULL,
  `user_id` int(11) NOT NULL,
  PRIMARY KEY (`fav_id`)
) ENGINE=InnoDB  DEFAULT CHARSET=latin1 AUTO_INCREMENT=38 ;

--
-- Dumping data for table `tbl_event_favourites`
--

INSERT INTO `tbl_event_favourites` (`fav_id`, `event_id`, `user_id`) VALUES
(2, 1570, 2),
(4, 1175, 2),
(6, 1514, 2),
(8, 1895, 2),
(9, 1410, 2),
(10, 1264, 2),
(11, 1502, 2),
(12, 1117, 2),
(13, 1570, 2),
(15, 2078, 2),
(16, 1103, 2),
(18, 1049, 2),
(19, 2088, 2),
(26, 1143, 2),
(27, 1143, 2),
(28, 1143, 2),
(36, 2079, 2),
(37, 2079, 11);

-- --------------------------------------------------------

--
-- Table structure for table `tbl_event_keywords`
--

CREATE TABLE IF NOT EXISTS `tbl_event_keywords` (
  `keyword_id` int(10) unsigned NOT NULL AUTO_INCREMENT,
  `keyword_value` varchar(250) NOT NULL,
  PRIMARY KEY (`keyword_id`)
) ENGINE=InnoDB  DEFAULT CHARSET=latin1 AUTO_INCREMENT=62 ;

--
-- Dumping data for table `tbl_event_keywords`
--

INSERT INTO `tbl_event_keywords` (`keyword_id`, `keyword_value`) VALUES
(1, 'test1'),
(2, 'test2'),
(9, 'keyword1'),
(10, ' test1'),
(11, 'new keyword'),
(12, 'next              '),
(13, 'gsdfgsdfdsfd'),
(14, 'gffdgfsd'),
(15, 'fdsfds'),
(16, 'fdsfdsfds'),
(17, 'fds'),
(18, 'sprint break!'),
(19, 'Live Music'),
(20, 'fun'),
(21, 'drinks'),
(22, 'Laughs'),
(23, 'fashion'),
(24, 'casual'),
(25, 'na'),
(26, ''),
(27, 'test'),
(28, 'fgsdfad'),
(29, 'fdsfd'),
(30, 'Football'),
(31, 'Christmas Party'),
(32, 'fdsfdsfdsf'),
(33, 'gfsdgfdgfd'),
(34, 'china!'),
(35, 'fdsf'),
(36, 'this is an ad'),
(37, ' check it out'),
(38, 'fdsfdsfdsfds'),
(39, 'web development'),
(40, 'music'),
(41, 'A cool ad'),
(42, 'with more keywords'),
(43, 'Edit ad'),
(44, 'gfsdgfsdgfds'),
(45, 'hfsdhfdsgfd'),
(46, 'ad'),
(47, 'Testing ad4'),
(48, 'Testing ad3'),
(49, 'Testing ad2'),
(50, 'test ad'),
(51, 'Testing ad'),
(52, 'fdsfdsf'),
(53, 'Hockey'),
(54, 'Claim Event'),
(55, 'fsdfdsfdsfds'),
(56, 'ad keyword 1'),
(57, ' ad keyword2'),
(58, 'fdsfdsfd'),
(59, 'fdsfdsfsdfdsfdsfds'),
(60, 'fsdfdsfds'),
(61, 'dsadsa');

-- --------------------------------------------------------

--
-- Table structure for table `tbl_event_meta`
--

CREATE TABLE IF NOT EXISTS `tbl_event_meta` (
  `meta_id` int(10) unsigned NOT NULL AUTO_INCREMENT,
  `event_id` int(11) NOT NULL,
  `meta_key` varchar(250) NOT NULL,
  `meta_value` text NOT NULL,
  `meta_timestamp` timestamp NOT NULL DEFAULT CURRENT_TIMESTAMP ON UPDATE CURRENT_TIMESTAMP,
  `meta_user` int(11) NOT NULL,
  PRIMARY KEY (`meta_id`)
) ENGINE=InnoDB  DEFAULT CHARSET=latin1 AUTO_INCREMENT=251 ;

--
-- Dumping data for table `tbl_event_meta`
--

INSERT INTO `tbl_event_meta` (`meta_id`, `event_id`, `meta_key`, `meta_value`, `meta_timestamp`, `meta_user`) VALUES
(13, 2075, 'image-googleplus-link', 'http://plus.google.com', '0000-00-00 00:00:00', 0),
(14, 2075, 'image-facebook-link', 'http://www.facebook.com', '0000-00-00 00:00:00', 0),
(15, 2075, 'image-twitter-link', 'http://www.twitter.com', '0000-00-00 00:00:00', 0),
(16, 2075, 'image-linkedIn-link', '', '0000-00-00 00:00:00', 0),
(17, 2075, 'image-myspace-link', '', '0000-00-00 00:00:00', 0),
(18, 2075, 'image-youtube-link', '', '0000-00-00 00:00:00', 0),
(19, 2075, 'image-vimeo-link', '', '0000-00-00 00:00:00', 0),
(20, 2075, 'image-flickr-link', '', '0000-00-00 00:00:00', 0),
(21, 2075, 'image-behance-link', '', '0000-00-00 00:00:00', 0),
(22, 2075, 'image-deviantArt-link', '', '0000-00-00 00:00:00', 0),
(23, 2075, 'image-pinterest-link', '', '0000-00-00 00:00:00', 0),
(24, 2075, 'image-lastfm-link', '', '0000-00-00 00:00:00', 0),
(25, 2075, 'audio-googleplus-link', 'http://plus.google.com', '0000-00-00 00:00:00', 0),
(26, 2075, 'audio-facebook-link', 'http://www.facebook.com', '0000-00-00 00:00:00', 0),
(27, 2075, 'audio-twitter-link', 'http://www.twitter.com', '0000-00-00 00:00:00', 0),
(28, 2075, 'audio-linkedIn-link', 'http://www.linkedin.com', '0000-00-00 00:00:00', 0),
(29, 2075, 'audio-myspace-link', '', '0000-00-00 00:00:00', 0),
(30, 2075, 'audio-youtube-link', 'http://youtube.com', '0000-00-00 00:00:00', 0),
(31, 2075, 'audio-vimeo-link', '', '0000-00-00 00:00:00', 0),
(32, 2075, 'audio-flickr-link', '', '0000-00-00 00:00:00', 0),
(33, 2075, 'audio-behance-link', '', '0000-00-00 00:00:00', 0),
(34, 2075, 'audio-deviantArt-link', '', '0000-00-00 00:00:00', 0),
(35, 2075, 'audio-pinterest-link', '', '0000-00-00 00:00:00', 0),
(36, 2075, 'audio-lastfm-link', '', '0000-00-00 00:00:00', 0),
(37, 2075, 'video-googleplus-link', 'http://plus.google.com', '0000-00-00 00:00:00', 0),
(38, 2075, 'video-facebook-link', 'http://www.facebook.com', '0000-00-00 00:00:00', 0),
(39, 2075, 'video-twitter-link', '', '0000-00-00 00:00:00', 0),
(40, 2075, 'video-linkedIn-link', '', '0000-00-00 00:00:00', 0),
(41, 2075, 'video-myspace-link', '', '0000-00-00 00:00:00', 0),
(42, 2075, 'video-youtube-link', '', '0000-00-00 00:00:00', 0),
(43, 2075, 'video-vimeo-link', '', '0000-00-00 00:00:00', 0),
(44, 2075, 'video-flickr-link', '', '0000-00-00 00:00:00', 0),
(45, 2075, 'video-behance-link', '', '0000-00-00 00:00:00', 0),
(46, 2075, 'video-deviantArt-link', '', '0000-00-00 00:00:00', 0),
(47, 2075, 'video-pinterest-link', 'http://pinterest.com', '0000-00-00 00:00:00', 0),
(48, 2075, 'video-lastfm-link', '', '0000-00-00 00:00:00', 0),
(49, 2076, 'image-googleplus-link', 'http://plus.google.com', '0000-00-00 00:00:00', 0),
(50, 2076, 'image-facebook-link', '', '0000-00-00 00:00:00', 0),
(51, 2076, 'image-twitter-link', '', '0000-00-00 00:00:00', 0),
(52, 2076, 'image-linkedIn-link', '', '0000-00-00 00:00:00', 0),
(53, 2076, 'image-myspace-link', '', '0000-00-00 00:00:00', 0),
(54, 2076, 'image-youtube-link', '', '0000-00-00 00:00:00', 0),
(55, 2076, 'image-vimeo-link', '', '0000-00-00 00:00:00', 0),
(56, 2076, 'image-flickr-link', '', '0000-00-00 00:00:00', 0),
(57, 2076, 'image-behance-link', '', '0000-00-00 00:00:00', 0),
(58, 2076, 'image-deviantArt-link', '', '0000-00-00 00:00:00', 0),
(59, 2076, 'image-pinterest-link', '', '0000-00-00 00:00:00', 0),
(60, 2076, 'image-lastfm-link', '', '0000-00-00 00:00:00', 0),
(61, 2076, 'audio-googleplus-link', '', '0000-00-00 00:00:00', 0),
(62, 2076, 'audio-facebook-link', 'http://www.facebook.com', '0000-00-00 00:00:00', 0),
(63, 2076, 'audio-twitter-link', '', '0000-00-00 00:00:00', 0),
(64, 2076, 'audio-linkedIn-link', '', '0000-00-00 00:00:00', 0),
(65, 2076, 'audio-myspace-link', '', '0000-00-00 00:00:00', 0),
(66, 2076, 'audio-youtube-link', '', '0000-00-00 00:00:00', 0),
(67, 2076, 'audio-vimeo-link', '', '0000-00-00 00:00:00', 0),
(68, 2076, 'audio-flickr-link', '', '0000-00-00 00:00:00', 0),
(69, 2076, 'audio-behance-link', '', '0000-00-00 00:00:00', 0),
(70, 2076, 'audio-deviantArt-link', '', '0000-00-00 00:00:00', 0),
(71, 2076, 'audio-pinterest-link', '', '0000-00-00 00:00:00', 0),
(72, 2076, 'audio-lastfm-link', '', '0000-00-00 00:00:00', 0),
(73, 2074, 'audio-googleplus-link', '', '0000-00-00 00:00:00', 0),
(74, 2074, 'audio-facebook-link', '', '0000-00-00 00:00:00', 0),
(75, 2074, 'audio-twitter-link', '', '0000-00-00 00:00:00', 0),
(76, 2074, 'audio-linkedIn-link', '', '0000-00-00 00:00:00', 0),
(77, 2074, 'audio-myspace-link', '', '0000-00-00 00:00:00', 0),
(78, 2074, 'audio-youtube-link', '', '0000-00-00 00:00:00', 0),
(79, 2074, 'audio-vimeo-link', '', '0000-00-00 00:00:00', 0),
(80, 2074, 'audio-flickr-link', '', '0000-00-00 00:00:00', 0),
(81, 2074, 'audio-behance-link', '', '0000-00-00 00:00:00', 0),
(82, 2074, 'audio-deviantArt-link', '', '0000-00-00 00:00:00', 0),
(83, 2074, 'audio-pinterest-link', '', '0000-00-00 00:00:00', 0),
(84, 2074, 'audio-lastfm-link', '', '0000-00-00 00:00:00', 0),
(85, 2077, 'image-googleplus-link', 'http://plus.google.com', '0000-00-00 00:00:00', 0),
(86, 2077, 'image-facebook-link', 'http://www.facebook.com', '0000-00-00 00:00:00', 0),
(87, 2077, 'image-twitter-link', 'http://www.twitter.com', '0000-00-00 00:00:00', 0),
(88, 2077, 'image-linkedIn-link', '', '0000-00-00 00:00:00', 0),
(89, 2077, 'image-myspace-link', '', '0000-00-00 00:00:00', 0),
(90, 2077, 'image-youtube-link', '', '0000-00-00 00:00:00', 0),
(91, 2077, 'image-vimeo-link', '', '0000-00-00 00:00:00', 0),
(92, 2077, 'image-flickr-link', '', '0000-00-00 00:00:00', 0),
(93, 2077, 'image-behance-link', '', '0000-00-00 00:00:00', 0),
(94, 2077, 'image-deviantArt-link', '', '0000-00-00 00:00:00', 0),
(95, 2077, 'image-pinterest-link', '', '0000-00-00 00:00:00', 0),
(96, 2077, 'image-lastfm-link', '', '0000-00-00 00:00:00', 0),
(97, 2077, 'video-googleplus-link', 'http://plus.google.com', '0000-00-00 00:00:00', 0),
(98, 2077, 'video-facebook-link', '', '0000-00-00 00:00:00', 0),
(99, 2077, 'video-twitter-link', '', '0000-00-00 00:00:00', 0),
(100, 2077, 'video-linkedIn-link', '', '0000-00-00 00:00:00', 0),
(101, 2077, 'video-myspace-link', '', '0000-00-00 00:00:00', 0),
(102, 2077, 'video-youtube-link', '', '0000-00-00 00:00:00', 0),
(103, 2077, 'video-vimeo-link', '', '0000-00-00 00:00:00', 0),
(104, 2077, 'video-flickr-link', '', '0000-00-00 00:00:00', 0),
(105, 2077, 'video-behance-link', '', '0000-00-00 00:00:00', 0),
(106, 2077, 'video-deviantArt-link', '', '0000-00-00 00:00:00', 0),
(107, 2077, 'video-pinterest-link', '', '0000-00-00 00:00:00', 0),
(108, 2077, 'video-lastfm-link', '', '0000-00-00 00:00:00', 0),
(109, 2077, 'audio-googleplus-link', 'http://plus.google.com', '0000-00-00 00:00:00', 0),
(110, 2077, 'audio-facebook-link', '', '0000-00-00 00:00:00', 0),
(111, 2077, 'audio-twitter-link', '', '0000-00-00 00:00:00', 0),
(112, 2077, 'audio-linkedIn-link', '', '0000-00-00 00:00:00', 0),
(113, 2077, 'audio-myspace-link', '', '0000-00-00 00:00:00', 0),
(114, 2077, 'audio-youtube-link', '', '0000-00-00 00:00:00', 0),
(115, 2077, 'audio-vimeo-link', '', '0000-00-00 00:00:00', 0),
(116, 2077, 'audio-flickr-link', '', '0000-00-00 00:00:00', 0),
(117, 2077, 'audio-behance-link', '', '0000-00-00 00:00:00', 0),
(118, 2077, 'audio-deviantArt-link', '', '0000-00-00 00:00:00', 0),
(119, 2077, 'audio-pinterest-link', '', '0000-00-00 00:00:00', 0),
(120, 2077, 'audio-lastfm-link', '', '0000-00-00 00:00:00', 0),
(121, 2074, 'image-googleplus-link', '', '0000-00-00 00:00:00', 0),
(122, 2074, 'image-facebook-link', '', '0000-00-00 00:00:00', 0),
(123, 2074, 'image-twitter-link', '', '0000-00-00 00:00:00', 0),
(124, 2074, 'image-linkedIn-link', '', '0000-00-00 00:00:00', 0),
(125, 2074, 'image-myspace-link', '', '0000-00-00 00:00:00', 0),
(126, 2074, 'image-youtube-link', '', '0000-00-00 00:00:00', 0),
(127, 2074, 'image-vimeo-link', '', '0000-00-00 00:00:00', 0),
(128, 2074, 'image-flickr-link', '', '0000-00-00 00:00:00', 0),
(129, 2074, 'image-behance-link', '', '0000-00-00 00:00:00', 0),
(130, 2074, 'image-deviantArt-link', '', '0000-00-00 00:00:00', 0),
(131, 2074, 'image-pinterest-link', '', '0000-00-00 00:00:00', 0),
(132, 2074, 'image-lastfm-link', '', '0000-00-00 00:00:00', 0),
(133, 2074, 'video-googleplus-link', '', '0000-00-00 00:00:00', 0),
(134, 2074, 'video-facebook-link', '', '0000-00-00 00:00:00', 0),
(135, 2074, 'video-twitter-link', '', '0000-00-00 00:00:00', 0),
(136, 2074, 'video-linkedIn-link', '', '0000-00-00 00:00:00', 0),
(137, 2074, 'video-myspace-link', '', '0000-00-00 00:00:00', 0),
(138, 2074, 'video-youtube-link', '', '0000-00-00 00:00:00', 0),
(139, 2074, 'video-vimeo-link', '', '0000-00-00 00:00:00', 0),
(140, 2074, 'video-flickr-link', '', '0000-00-00 00:00:00', 0),
(141, 2074, 'video-behance-link', '', '0000-00-00 00:00:00', 0),
(142, 2074, 'video-deviantArt-link', '', '0000-00-00 00:00:00', 0),
(143, 2074, 'video-pinterest-link', '', '0000-00-00 00:00:00', 0),
(144, 2074, 'video-lastfm-link', '', '0000-00-00 00:00:00', 0),
(145, 2079, 'image-googleplus-link', 'http://plus.google.com', '0000-00-00 00:00:00', 0),
(146, 2079, 'image-facebook-link', 'http://www.facebook.com', '0000-00-00 00:00:00', 0),
(147, 2079, 'image-twitter-link', '', '0000-00-00 00:00:00', 0),
(148, 2079, 'image-linkedIn-link', '', '0000-00-00 00:00:00', 0),
(149, 2079, 'image-myspace-link', '', '0000-00-00 00:00:00', 0),
(150, 2079, 'image-youtube-link', '', '0000-00-00 00:00:00', 0),
(151, 2079, 'image-vimeo-link', '', '0000-00-00 00:00:00', 0),
(152, 2079, 'image-flickr-link', '', '0000-00-00 00:00:00', 0),
(153, 2079, 'image-behance-link', '', '0000-00-00 00:00:00', 0),
(154, 2079, 'image-deviantArt-link', '', '0000-00-00 00:00:00', 0),
(155, 2079, 'image-pinterest-link', '', '0000-00-00 00:00:00', 0),
(156, 2079, 'image-lastfm-link', '', '0000-00-00 00:00:00', 0),
(157, 2079, 'audio-googleplus-link', 'http://plus.google.com', '0000-00-00 00:00:00', 0),
(158, 2079, 'audio-facebook-link', 'http://www.facebook.com', '0000-00-00 00:00:00', 0),
(159, 2079, 'audio-twitter-link', 'http://www.twitter.com', '0000-00-00 00:00:00', 0),
(160, 2079, 'audio-linkedIn-link', 'http://www.linkedin.com', '0000-00-00 00:00:00', 0),
(161, 2079, 'audio-myspace-link', 'http://myspace.com', '0000-00-00 00:00:00', 0),
(162, 2079, 'audio-youtube-link', 'http://youtube.com', '0000-00-00 00:00:00', 0),
(163, 2079, 'audio-vimeo-link', 'http://vimeo.com/', '0000-00-00 00:00:00', 0),
(164, 2079, 'audio-flickr-link', 'http://www.flickr.com/photos/tags/canada/clusters/', '0000-00-00 00:00:00', 0),
(165, 2079, 'audio-behance-link', 'http://www.behance.net/', '0000-00-00 00:00:00', 0),
(166, 2079, 'audio-deviantArt-link', 'http://www.deviantart.com/', '0000-00-00 00:00:00', 0),
(167, 2079, 'audio-pinterest-link', 'http://pinterest.com', '0000-00-00 00:00:00', 0),
(168, 2079, 'audio-lastfm-link', 'http://www.last.fm/', '0000-00-00 00:00:00', 0),
(169, 2079, 'video-googleplus-link', 'http://plus.google.com', '0000-00-00 00:00:00', 0),
(170, 2079, 'video-facebook-link', 'http://www.facebook.com', '0000-00-00 00:00:00', 0),
(171, 2079, 'video-twitter-link', 'http://www.twitter.com', '0000-00-00 00:00:00', 0),
(172, 2079, 'video-linkedIn-link', 'http://www.linkedin.com', '0000-00-00 00:00:00', 0),
(173, 2079, 'video-myspace-link', 'http://myspace.com', '0000-00-00 00:00:00', 0),
(174, 2079, 'video-youtube-link', 'http://youtube.com', '0000-00-00 00:00:00', 0),
(175, 2079, 'video-vimeo-link', 'http://vimeo.com/', '0000-00-00 00:00:00', 0),
(176, 2079, 'video-flickr-link', 'http://www.flickr.com/photos/tags/canada/clusters/', '0000-00-00 00:00:00', 0),
(177, 2079, 'video-behance-link', 'http://www.behance.net/', '0000-00-00 00:00:00', 0),
(178, 2079, 'video-deviantArt-link', 'http://www.deviantart.com/', '0000-00-00 00:00:00', 0),
(179, 2079, 'video-pinterest-link', 'http://pinterest.com', '0000-00-00 00:00:00', 0),
(180, 2079, 'video-lastfm-link', 'http://www.last.fm/', '0000-00-00 00:00:00', 0),
(181, 2079, 'event_update', 'this is an update', '0000-00-00 00:00:00', 0),
(182, 2079, 'event_update', 'this to is an update', '0000-00-00 00:00:00', 0),
(183, 2079, 'event_update', 'fdsfds', '0000-00-00 00:00:00', 0),
(184, 2079, 'event_update', 'fdsfdsfdsafds', '0000-00-00 00:00:00', 0),
(185, 2079, 'event_update', 'This is an update', '0000-00-00 00:00:00', 0),
(186, 2079, 'event_update', 'This is an update', '0000-00-00 00:00:00', 0),
(187, 2079, 'event_update', 'fdsafdsa', '0000-00-00 00:00:00', 0),
(188, 2079, 'event_update', 'fdsafdsafdsfdsfds', '0000-00-00 00:00:00', 0),
(189, 2079, 'event_update', 'fdsafdsafdsfdsfdsgfsdgfsdgfsd', '0000-00-00 00:00:00', 0),
(190, 2079, 'event_update', 'fdsafdsafdsfdsfdsgfsdgffgsdfdsfdsfd', '0000-00-00 00:00:00', 0),
(191, 2079, 'event_update', 'fdsafdsafdsfdsfdsgfsdgffgsdfdsfdsfd hahahah', '0000-00-00 00:00:00', 0),
(192, 2079, 'event_update', 'test time stamp', '2012-12-01 21:52:57', 0),
(193, 2079, 'event_update', 'dsa', '2012-12-10 19:30:31', 0),
(194, 2079, 'event_update', 'dsafdsfds', '2012-12-10 19:32:22', 0),
(195, 2079, 'event_update', 'dsafdsfdsgfdgf', '2012-12-10 19:33:27', 0),
(196, 2079, 'event_update', 'dsafdsfdsgfdgffdsfds', '2012-12-10 19:33:34', 0),
(197, 2079, 'event_update', 'dsafdsfdsgfdgffdsfdsfdsf', '2012-12-10 19:33:47', 0),
(198, 2079, 'event_update', 'dsafdsfdsgfdgffdsfdsfdsffdsf', '2012-12-10 19:35:43', 0),
(199, 2079, 'event_update', 'dsafdsfdsgfdgffdsfdsfdsffdsffdsfdsfd', '2012-12-10 19:39:13', 0),
(200, 2079, 'event_update', 'test', '2012-12-10 19:39:44', 0),
(201, 2079, 'event_update', 'testfdsfd', '2012-12-10 19:39:50', 0),
(202, 2079, 'event_update', 'See everyone there', '2012-12-10 19:40:18', 0),
(203, 2079, 'event_update', 'See everyone there to', '2012-12-10 19:40:54', 0),
(204, 2079, 'event_update', 'See everyone therefdsfdsfd', '2012-12-10 19:41:16', 0),
(205, 2079, 'event_update', 'See everyone therefdsfdsfd', '2012-12-10 19:41:18', 0),
(206, 2079, 'event_update', 'See everyone therefdsfdsfd', '2012-12-10 19:41:19', 0),
(207, 2079, 'event_update', 'asdsadsadsa', '2012-12-10 19:41:22', 0),
(208, 2079, 'event_update', 'fdsfdsfdsf', '2012-12-10 20:25:09', 2),
(209, 2079, 'event_comment', '', '2012-12-10 20:30:07', 2),
(210, 2079, 'event_comment', '', '2012-12-10 20:30:49', 2),
(211, 2079, 'event_comment', 'this is totally a comment', '2012-12-10 20:32:04', 2),
(212, 2079, 'event_comment', 'fdsfds', '2012-12-10 20:32:38', 2),
(213, 2079, 'event_comment', 'fdsfdsfdsfd', '2012-12-10 20:32:41', 2),
(214, 2079, 'event_comment', 'fdsfds', '2012-12-11 13:46:12', 2),
(215, 2079, 'event_comment', 'fdsfdsgfdgfd', '2012-12-11 13:47:51', 2),
(216, 2079, 'event_comment', 'fdsfds', '2012-12-11 14:14:49', 2),
(217, 2079, 'event_comment', 'fdsfdsgfdgfd', '2012-12-11 14:14:55', 2),
(218, 2079, 'event_update', 'this is an update', '2012-12-11 14:26:21', 2),
(219, 2079, 'event_update', 'this is an updatefdsfds', '2012-12-11 14:27:03', 2),
(220, 2079, 'event_update', 'this is an updatefdsfdsfdsfds', '2012-12-11 14:27:20', 2),
(221, 2079, 'event_update', 'fdsfds', '2012-12-11 14:27:24', 2),
(222, 2079, 'event_update', 'fdsfdsgfdsgfs', '2012-12-11 14:27:36', 2),
(223, 2079, 'event_update', 'this is an updatefdsfdsfdsfdshgdfhgdf', '2012-12-11 14:27:40', 2),
(224, 2079, 'event_comment', 'fdsfds', '2012-12-11 14:32:05', 2),
(225, 2079, 'event_comment', 'gsfsfdg', '2012-12-11 14:33:52', 2),
(226, 2079, 'event_comment', 'gsfsfdgfdsfd', '2012-12-11 14:33:54', 2),
(227, 2079, 'event_comment', 'gsfsfdgfdsfd', '2012-12-11 14:33:55', 2),
(228, 2079, 'event_comment', 'fdsfd', '2012-12-11 14:34:06', 2),
(229, 2079, 'event_comment', 'gsfsfdgfdsfdfdsfds', '2012-12-11 14:34:55', 2),
(230, 2079, 'event_comment', 'gsfsfdgfdsfdfdsfdsfdsfd', '2012-12-11 14:34:57', 2),
(231, 2079, 'event_comment', 'gsfsfdgfdsfdfdsfdsfdsfdgfsdgffsdfd', '2012-12-11 14:35:56', 2),
(232, 2078, 'event_update', 'fdsfdsfd', '2012-12-11 15:42:13', 2),
(233, 1103, 'event_update', 'fdsfds', '2012-12-11 17:10:29', 2),
(234, 1906, 'event_update', 'fdsfds', '2012-12-11 17:10:41', 2),
(235, 1830, 'event_update', 'Lorem ipsum dolor sit amet, consectetur adipiscing elit. Donec auctor nulla ac massa pellentesque id tristique arcu vulputate. Pellentesque habitant morbi tristique senectus et netus et malesuada fames ac turpis egestas. Quisque laoreet diam eget quam iaculis commodo. Nulla dapibus sollicitudin iaculis. Integer eu sem a lectus aliquam mattis eu in quam. Nam eu dolor ac elit consectetur molestie non id mauris. Aenean in velit ante, ut aliquet tortor. Sed tincidunt eros vitae quam luctus vel mollis magna dapibus. Curabitur semper eleifend tristique. ', '2012-12-11 17:15:07', 2),
(236, 1063, 'event_comment', 'fdsfds', '2012-12-11 18:26:16', 2),
(237, 1063, 'event_update', 'fdsfds', '2012-12-11 18:26:18', 2),
(238, 2080, 'event_update', 'fdsfdsf', '2012-12-11 18:30:33', 11),
(239, 2086, 'event_update', 'London update', '2012-12-11 20:36:12', 11),
(240, 1103, 'event_update', 'woooo', '2012-12-11 20:58:34', 2),
(241, 1103, 'event_update', 'tefd', '2012-12-11 20:59:08', 2),
(242, 2086, 'event_update', 'London update', '2012-12-11 21:05:27', 11),
(243, 1103, 'event_comment', 'fdsfd', '2012-12-11 21:32:55', 2),
(244, 2078, 'event_update', 'fdsfdsfdsfds', '2012-12-11 21:45:22', 2),
(245, 2076, 'event_update', 'Bring food', '2012-12-11 21:48:04', 2),
(246, 2076, 'event_update', 'oh yea and drinks', '2012-12-11 21:48:47', 2),
(247, 2087, 'event_update', 'This is an update... ', '2012-12-12 14:23:48', 11),
(248, 2088, 'event_update', 'gfdwshydfhgfdh', '2012-12-12 14:39:29', 11),
(249, 2089, 'event_update', 'UPDATE!!!!', '2012-12-12 14:39:37', 11),
(250, 1949, 'event_update', 'Update!', '2012-12-19 21:44:48', 2);

-- --------------------------------------------------------

--
-- Table structure for table `tbl_event_photos`
--

CREATE TABLE IF NOT EXISTS `tbl_event_photos` (
  `photo_id` int(10) unsigned NOT NULL AUTO_INCREMENT,
  `event_id` int(11) NOT NULL,
  `photo_file` varchar(250) NOT NULL,
  `photo_thumb` varchar(250) NOT NULL,
  `photo_caption` varchar(250) NOT NULL,
  PRIMARY KEY (`photo_id`)
) ENGINE=InnoDB  DEFAULT CHARSET=latin1 AUTO_INCREMENT=76 ;

--
-- Dumping data for table `tbl_event_photos`
--

INSERT INTO `tbl_event_photos` (`photo_id`, `event_id`, `photo_file`, `photo_thumb`, `photo_caption`) VALUES
(35, 2074, 'new-years-fireworks.jpg', 'new-years-fireworks_thumb.jpg', ''),
(37, 2074, 'new-years-fireworks3.jpg', 'new-years-fireworks3_thumb.jpg', ''),
(39, 2075, 'home.png', 'home_thumb.png', ''),
(40, 2075, 'vappro-5-vci-large.png', 'vappro-5-vci-large_thumb.png', 'fdsfds'),
(44, 2075, 'vappro-5-vci-large1.png', 'vappro-5-vci-large1_thumb.png', ''),
(47, 2037, 'home.png', 'home_thumb.png', ''),
(48, 2037, 'home1.png', 'home1_thumb.png', ''),
(49, 2076, 'christmas-party1.jpg', 'christmas-party1_thumb.jpg', 'Party'),
(50, 2076, 'christmas-party-theming-and-entertainment.jpg', 'christmas-party-theming-and-entertainment_thumb.jpg', 'Christmas Party 2'),
(51, 2077, 'christmas-party1.jpg', 'christmas-party1_thumb.jpg', ''),
(52, 2078, '', '', ''),
(53, 2078, 'christmas-party1.jpg', 'christmas-party1_thumb.jpg', ''),
(54, 2078, 'christmas-party-theming-and-entertainment.jpg', 'christmas-party-theming-and-entertainment_thumb.jpg', ''),
(55, 2078, 'logo.png', 'logo_thumb.png', ''),
(56, 2078, 'stormwatchbutton.png', 'stormwatchbutton_thumb.png', ''),
(57, 2078, 'new-years-fireworks.jpg', 'new-years-fireworks_thumb.jpg', ''),
(58, 2078, 'deals.png', 'deals_thumb.png', ''),
(59, 2078, 'home.png', 'home_thumb.png', ''),
(60, 2078, 'argos_76022.jpg', 'argos_76022_thumb.jpg', ''),
(61, 2078, 'abstract-hd-wallpaper3.jpg', 'abstract-hd-wallpaper3_thumb.jpg', ''),
(62, 2074, 'deals.png', 'deals_thumb.png', 'ghdsgf'),
(63, 2074, 'christmas-party-theming-and-entertainment.jpg', 'christmas-party-theming-and-entertainment_thumb.jpg', ''),
(64, 2079, 'Gift_Card_(Resort_Suite)_(2).jpg', 'Gift_Card_(Resort_Suite)_(2)_thumb.jpg', ''),
(65, 2079, 'home.png', 'home_thumb.png', 'home'),
(66, 2079, 'a.jpg', 'a_thumb.jpg', 'a'),
(67, 2079, 'blades_8-new.jpg', 'blades_8-new_thumb.jpg', 'blade'),
(68, 2079, 'slider.png', 'slider_thumb.png', 'slider'),
(69, 2079, 'vappro-5-vci-large.png', 'vappro-5-vci-large_thumb.png', 'vap'),
(70, 2079, 'ad_placeholder.jpg', 'ad_placeholder_thumb.jpg', 'ad'),
(71, 2079, 'christmas-party-theming-and-entertainment.jpg', 'christmas-party-theming-and-entertainment_thumb.jpg', 'christmas'),
(72, 2079, 'tumblr_kv4399hWWz1qzdr4go1_500.jpg', 'tumblr_kv4399hWWz1qzdr4go1_500_thumb.jpg', 'tumblr'),
(73, 2079, 'logo.png', 'logo_thumb.png', 'logo'),
(74, 2079, 'fun+01.jpg', 'fun+01_thumb.jpg', 'fun'),
(75, 2079, 'christmas-party1.jpg', 'christmas-party1_thumb.jpg', 'fdsfd');

-- --------------------------------------------------------

--
-- Table structure for table `tbl_event_to_keyword`
--

CREATE TABLE IF NOT EXISTS `tbl_event_to_keyword` (
  `event_keyword_id` int(10) unsigned NOT NULL AUTO_INCREMENT,
  `event_id` int(11) NOT NULL,
  `keyword_id` int(11) NOT NULL,
  PRIMARY KEY (`event_keyword_id`)
) ENGINE=InnoDB  DEFAULT CHARSET=latin1 AUTO_INCREMENT=148 ;

--
-- Dumping data for table `tbl_event_to_keyword`
--

INSERT INTO `tbl_event_to_keyword` (`event_keyword_id`, `event_id`, `keyword_id`) VALUES
(14, 20, 15),
(15, 20, 16),
(16, 20, 17),
(19, 27, 18),
(20, 28, 19),
(21, 28, 20),
(22, 28, 21),
(23, 29, 22),
(24, 30, 23),
(25, 30, 24),
(26, 31, 25),
(27, 1049, 26),
(31, 2034, 27),
(32, 2034, 1),
(33, 2034, 27),
(34, 2035, 15),
(35, 2036, 28),
(37, 2038, 28),
(38, 2039, 28),
(39, 2040, 28),
(40, 2041, 28),
(41, 2042, 28),
(42, 2043, 28),
(43, 2044, 28),
(44, 2045, 28),
(45, 2046, 28),
(46, 2047, 28),
(47, 2048, 28),
(48, 2049, 28),
(49, 2050, 15),
(50, 2051, 17),
(51, 2052, 17),
(52, 2053, 29),
(53, 2054, 29),
(54, 2055, 29),
(55, 2056, 29),
(56, 2057, 29),
(57, 2058, 29),
(58, 2059, 29),
(59, 2060, 29),
(60, 2061, 29),
(61, 2062, 29),
(62, 2063, 29),
(63, 2064, 29),
(64, 2065, 29),
(65, 2066, 29),
(66, 2067, 29),
(67, 2068, 29),
(68, 2069, 29),
(69, 2070, 30),
(70, 2071, 30),
(71, 2072, 30),
(72, 2073, 15),
(73, 2073, 15),
(74, 2073, 15),
(77, 2037, 28),
(78, 2075, 15),
(80, 2077, 32),
(84, 2078, 15),
(95, 1037, 26),
(97, 1063, 26),
(100, 2080, 34),
(101, 2081, 29),
(102, 2082, 15),
(103, 2083, 29),
(104, 2084, 35),
(105, 2085, 27),
(106, 2086, 15),
(108, 2087, 15),
(112, 2088, 15),
(113, 2089, 15),
(116, 2079, 33),
(118, 2076, 31),
(132, 2090, 54),
(135, 2092, 35),
(136, 2093, 58),
(137, 2091, 55),
(142, 2094, 52),
(143, 2095, 27),
(144, 2096, 15),
(145, 2097, 15),
(146, 2098, 61),
(147, 1035, 26);

-- --------------------------------------------------------

--
-- Table structure for table `tbl_event_video`
--

CREATE TABLE IF NOT EXISTS `tbl_event_video` (
  `video_id` int(10) unsigned NOT NULL AUTO_INCREMENT,
  `event_id` int(11) NOT NULL,
  `video_file` varchar(250) NOT NULL,
  `video_file_ext` varchar(250) NOT NULL,
  `video_youtube` varchar(250) NOT NULL,
  `video_title` varchar(250) NOT NULL,
  `featured` int(11) NOT NULL,
  PRIMARY KEY (`video_id`)
) ENGINE=InnoDB  DEFAULT CHARSET=latin1 AUTO_INCREMENT=14 ;

--
-- Dumping data for table `tbl_event_video`
--

INSERT INTO `tbl_event_video` (`video_id`, `event_id`, `video_file`, `video_file_ext`, `video_youtube`, `video_title`, `featured`) VALUES
(1, 2074, 'Lake.wmv', '.wmv', '', 'fdsfd', 0),
(3, 2077, 'Lake.wmv', '.wmv', '', 'fdsfds', 0),
(4, 2077, '', 'youtube', 'CGLCwwAb3hQ', 'fdsfdsf', 1),
(5, 2078, '', 'youtube', 'w1PhUWGz_xw', 'ToughMudder', 1),
(6, 2079, '', 'youtube', 'rYXdsOEWBj0', 'Is the 5 second rule true?', 1),
(13, 2079, 'ww_system_v4.flv', '.flv', '', 'flv', 0);

/*!40101 SET CHARACTER_SET_CLIENT=@OLD_CHARACTER_SET_CLIENT */;
/*!40101 SET CHARACTER_SET_RESULTS=@OLD_CHARACTER_SET_RESULTS */;
/*!40101 SET COLLATION_CONNECTION=@OLD_COLLATION_CONNECTION */;
